	Basal_M1	Basal_M2	Basal_M3	Basal_M4	LumA_M1	LumA_M2	LumB_M1	LumB_M2
TCGA-XX-0000-01	0.5319444444444444	0.41541666666666666	0.35000000000000003	0.6849999999999999	0.5319444444444444	0.3726190476190476	0.5319444444444444	0.35833333333333334
TCGA-XX-0001-01	0.7875000000000001	0.5479166666666666	0.4166666666666667	0.36833333333333335	0.7875000000000001	0.4011904761904762	0.7875000000000001	0.3541666666666667
TCGA-XX-0002-01	0.8583333333333334	0.3375	0.611111111111111	0.5133333333333333	0.8583333333333334	0.5869047619047619	0.8583333333333334	0.5591666666666667
TCGA-XX-0003-01	0.3277777777777778	0.55875	0.6506944444444445	0.43083333333333335	0.3277777777777778	0.6708333333333333	0.3277777777777778	0.6391666666666667
TCGA-XX-0004-01	0.4229166666666666	0.59625	0.5	0.575	0.4229166666666666	0.48511904761904756	0.4229166666666666	0.48083333333333333
TCGA-XX-0005-01	0.41805555555555546	0.63125	0.5576388888888889	0.5375	0.41805555555555546	0.5750000000000001	0.41805555555555546	0.5633333333333334
TCGA-XX-0006-01	0.6472222222222223	0.6754166666666667	0.1729166666666667	0.5925	0.6472222222222223	0.1761904761904762	0.6472222222222223	0.19166666666666668
TCGA-XX-0007-01	0.45763888888888893	0.5858333333333333	0.2743055555555555	0.42750000000000005	0.45763888888888893	0.31607142857142856	0.45763888888888893	0.3183333333333334
TCGA-XX-0008-01	0.7541666666666665	0.5704166666666666	0.33055555555555555	0.4691666666666666	0.7541666666666665	0.39345238095238094	0.7541666666666665	0.32999999999999996
TCGA-XX-0009-01	0.18472222222222223	0.5729166666666666	0.43958333333333344	0.6808333333333334	0.18472222222222223	0.4744047619047619	0.18472222222222223	0.48916666666666664
TCGA-XX-0010-01	0.8381944444444445	0.54625	0.3625	0.29250000000000004	0.8381944444444445	0.36309523809523814	0.8381944444444445	0.3916666666666667
TCGA-XX-0011-01	0.46874999999999994	0.51625	0.30624999999999997	0.49250000000000005	0.46874999999999994	0.3178571428571428	0.46874999999999994	0.2975
TCGA-XX-0012-01	0.6166666666666668	0.45499999999999996	0.5652777777777778	0.5166666666666668	0.6166666666666668	0.5535714285714286	0.6166666666666668	0.5383333333333333
TCGA-XX-0013-01	0.45486111111111116	0.45124999999999993	0.45	0.4791666666666668	0.45486111111111116	0.4845238095238096	0.45486111111111116	0.4916666666666667
TCGA-XX-0014-01	0.43611111111111117	0.5816666666666667	0.2833333333333333	0.6141666666666666	0.43611111111111117	0.3416666666666667	0.43611111111111117	0.37416666666666665
TCGA-XX-0015-01	0.5270833333333335	0.45666666666666667	0.6958333333333333	0.4866666666666667	0.5270833333333335	0.6619047619047619	0.5270833333333335	0.6475
TCGA-XX-0016-01	0.6340277777777777	0.5345833333333333	0.6687500000000001	0.5875	0.6340277777777777	0.6749999999999999	0.6340277777777777	0.595
TCGA-XX-0017-01	0.4354166666666666	0.5620833333333334	0.6888888888888888	0.5291666666666667	0.4354166666666666	0.6083333333333333	0.4354166666666666	0.5708333333333333
TCGA-XX-0018-01	0.5965277777777778	0.5966666666666668	0.22777777777777777	0.5683333333333334	0.5965277777777778	0.3029761904761905	0.5965277777777778	0.23583333333333328
TCGA-XX-0019-01	0.7125	0.4929166666666666	0.34375	0.4133333333333333	0.7125	0.3738095238095238	0.7125	0.34500000000000003
TCGA-XX-0020-01	0.32569444444444445	0.555	0.3347222222222222	0.33166666666666667	0.32569444444444445	0.3029761904761905	0.32569444444444445	0.29083333333333333
TCGA-XX-0021-01	0.1923611111111111	0.38708333333333333	0.6840277777777777	0.69	0.1923611111111111	0.6869047619047619	0.1923611111111111	0.7074999999999999
TCGA-XX-0022-01	0.6465277777777778	0.46291666666666664	0.5791666666666667	0.5958333333333334	0.6465277777777778	0.5761904761904761	0.6465277777777778	0.6058333333333332
TCGA-XX-0023-01	0.3520833333333333	0.4520833333333334	0.5111111111111111	0.59	0.3520833333333333	0.45952380952380956	0.3520833333333333	0.47333333333333333
TCGA-XX-0024-01	0.17708333333333334	0.6475	0.5805555555555556	0.4766666666666667	0.17708333333333334	0.5440476190476191	0.17708333333333334	0.5349999999999999
TCGA-XX-0025-01	0.2340277777777778	0.56375	0.7319444444444444	0.5158333333333334	0.2340277777777778	0.7285714285714285	0.2340277777777778	0.6925
TCGA-XX-0026-01	0.35833333333333334	0.4470833333333332	0.8437500000000001	0.37583333333333335	0.35833333333333334	0.8648809523809524	0.35833333333333334	0.8316666666666667
TCGA-XX-0027-01	0.2055555555555556	0.5733333333333334	0.5048611111111111	0.5333333333333333	0.2055555555555556	0.4785714285714286	0.2055555555555556	0.48166666666666663
TCGA-XX-0028-01	0.20000000000000004	0.57625	0.7034722222222222	0.48500000000000015	0.20000000000000004	0.6529761904761907	0.20000000000000004	0.7074999999999999
TCGA-XX-0029-01	0.47638888888888875	0.47666666666666657	0.4611111111111112	0.5574999999999999	0.47638888888888875	0.511904761904762	0.47638888888888875	0.5125
TCGA-XX-0030-01	0.7222222222222223	0.5254166666666666	0.13958333333333336	0.37	0.7222222222222223	0.16964285714285715	0.7222222222222223	0.13833333333333334
TCGA-XX-0031-01	0.5506944444444444	0.625	0.44027777777777777	0.5091666666666665	0.5506944444444444	0.41488095238095235	0.5506944444444444	0.48916666666666664
TCGA-XX-0032-01	0.3375000000000001	0.6779166666666665	0.3416666666666666	0.45166666666666666	0.3375000000000001	0.3678571428571428	0.3375000000000001	0.3641666666666667
TCGA-XX-0033-01	0.5868055555555557	0.4095833333333333	0.5666666666666668	0.5833333333333334	0.5868055555555557	0.6154761904761905	0.5868055555555557	0.5533333333333333
TCGA-XX-0034-01	0.6465277777777777	0.4091666666666667	0.6124999999999999	0.54	0.6465277777777777	0.6273809523809524	0.6465277777777777	0.6074999999999999
TCGA-XX-0035-01	0.5368055555555554	0.43583333333333335	0.37013888888888896	0.6625000000000001	0.5368055555555554	0.3863095238095239	0.5368055555555554	0.4041666666666667
TCGA-XX-0036-01	0.6493055555555557	0.47333333333333333	0.34652777777777777	0.5425	0.6493055555555557	0.33333333333333337	0.6493055555555557	0.35583333333333333
TCGA-XX-0037-01	0.7111111111111111	0.57375	0.2590277777777778	0.5225000000000001	0.7111111111111111	0.2845238095238095	0.7111111111111111	0.2533333333333333
TCGA-XX-0038-01	0.5541666666666667	0.4566666666666667	0.44166666666666665	0.3441666666666666	0.5541666666666667	0.45535714285714285	0.5541666666666667	0.42666666666666664
TCGA-XX-0039-01	0.25416666666666665	0.5458333333333333	0.5770833333333333	0.63	0.25416666666666665	0.5976190476190475	0.25416666666666665	0.5116666666666666
TCGA-XX-0040-01	0.5368055555555556	0.5579166666666667	0.3423611111111111	0.5991666666666666	0.5368055555555556	0.3720238095238095	0.5368055555555556	0.3408333333333334
TCGA-XX-0041-01	0.5375	0.48791666666666667	0.6687500000000001	0.4333333333333333	0.5375	0.6613095238095238	0.5375	0.605
TCGA-XX-0042-01	0.7694444444444445	0.44125	0.2708333333333333	0.36416666666666664	0.7694444444444445	0.2898809523809524	0.7694444444444445	0.27249999999999996
TCGA-XX-0043-01	0.2548611111111111	0.5145833333333334	0.7784722222222222	0.5466666666666666	0.2548611111111111	0.8047619047619048	0.2548611111111111	0.8149999999999998
TCGA-XX-0044-01	0.31319444444444444	0.5420833333333335	0.3652777777777778	0.5375	0.31319444444444444	0.4363095238095238	0.31319444444444444	0.4383333333333333
TCGA-XX-0045-01	0.31736111111111115	0.5408333333333333	0.7715277777777777	0.55	0.31736111111111115	0.7398809523809524	0.31736111111111115	0.7608333333333334
TCGA-XX-0046-01	0.1548611111111111	0.52	0.6027777777777777	0.5775	0.1548611111111111	0.5815476190476191	0.1548611111111111	0.5758333333333334
TCGA-XX-0047-01	0.4368055555555556	0.5333333333333334	0.5895833333333332	0.29833333333333334	0.4368055555555556	0.5720238095238095	0.4368055555555556	0.6558333333333334
TCGA-XX-0048-01	0.5611111111111111	0.5387500000000001	0.2868055555555555	0.6124999999999999	0.5611111111111111	0.3166666666666666	0.5611111111111111	0.31916666666666665
TCGA-XX-0049-01	0.2451388888888889	0.5450000000000002	0.5652777777777778	0.5158333333333334	0.2451388888888889	0.5886904761904762	0.2451388888888889	0.5208333333333333
TCGA-XX-0050-01	0.8215277777777777	0.425	0.37152777777777785	0.2625	0.8215277777777777	0.3720238095238096	0.8215277777777777	0.40166666666666667
TCGA-XX-0051-01	0.7715277777777777	0.49833333333333335	0.2222222222222222	0.4991666666666667	0.7715277777777777	0.24702380952380953	0.7715277777777777	0.265
TCGA-XX-0052-01	0.6812499999999999	0.5608333333333333	0.46875	0.6708333333333334	0.6812499999999999	0.5005952380952381	0.6812499999999999	0.4333333333333333
TCGA-XX-0053-01	0.6194444444444445	0.5354166666666667	0.30416666666666664	0.44416666666666665	0.6194444444444445	0.31071428571428567	0.6194444444444445	0.21333333333333332
TCGA-XX-0054-01	0.7736111111111111	0.51875	0.5909722222222223	0.38	0.7736111111111111	0.5607142857142858	0.7736111111111111	0.5891666666666667
TCGA-XX-0055-01	0.21875	0.42791666666666667	0.517361111111111	0.425	0.21875	0.4964285714285715	0.21875	0.45583333333333326
TCGA-XX-0056-01	0.5868055555555557	0.2891666666666667	0.6513888888888889	0.5966666666666666	0.5868055555555557	0.6720238095238095	0.5868055555555557	0.6683333333333332
TCGA-XX-0057-01	0.6	0.53625	0.7097222222222221	0.5325	0.6	0.6934523809523812	0.6	0.6883333333333332
TCGA-XX-0058-01	0.1263888888888889	0.49708333333333343	0.5743055555555555	0.5891666666666666	0.1263888888888889	0.5595238095238095	0.1263888888888889	0.5833333333333334
TCGA-XX-0059-01	0.4381944444444444	0.5679166666666667	0.30486111111111114	0.48583333333333345	0.4381944444444444	0.36428571428571427	0.4381944444444444	0.3316666666666667
TCGA-XX-0060-01	0.40416666666666656	0.5058333333333332	0.6666666666666666	0.39333333333333337	0.40416666666666656	0.6839285714285716	0.40416666666666656	0.6133333333333333
TCGA-XX-0061-01	0.7243055555555555	0.48999999999999994	0.3118055555555555	0.575	0.7243055555555555	0.34761904761904766	0.7243055555555555	0.29000000000000004
TCGA-XX-0062-01	0.4215277777777779	0.5512499999999999	0.43958333333333327	0.31666666666666665	0.4215277777777779	0.481547619047619	0.4215277777777779	0.5016666666666667
TCGA-XX-0063-01	0.5013888888888888	0.3533333333333334	0.6659722222222223	0.3933333333333333	0.5013888888888888	0.6458333333333334	0.5013888888888888	0.6341666666666667
TCGA-XX-0064-01	0.6069444444444444	0.5404166666666665	0.4055555555555555	0.5308333333333334	0.6069444444444444	0.36547619047619045	0.6069444444444444	0.3466666666666666
TCGA-XX-0065-01	0.2965277777777778	0.53875	0.7500000000000001	0.5349999999999999	0.2965277777777778	0.7107142857142857	0.2965277777777778	0.7325000000000002
TCGA-XX-0066-01	0.5291666666666667	0.4683333333333334	0.65	0.41583333333333333	0.5291666666666667	0.6720238095238095	0.5291666666666667	0.6566666666666667
TCGA-XX-0067-01	0.37083333333333335	0.4933333333333335	0.617361111111111	0.3333333333333333	0.37083333333333335	0.6315476190476189	0.37083333333333335	0.6133333333333334
TCGA-XX-0068-01	0.5173611111111112	0.5716666666666668	0.5076388888888888	0.6433333333333333	0.5173611111111112	0.47321428571428564	0.5173611111111112	0.5058333333333332
TCGA-XX-0069-01	0.38958333333333334	0.5575000000000001	0.42500000000000004	0.4741666666666666	0.38958333333333334	0.45535714285714285	0.38958333333333334	0.46916666666666673
TCGA-XX-0070-01	0.7083333333333335	0.3241666666666666	0.4180555555555556	0.3566666666666667	0.7083333333333335	0.45833333333333337	0.7083333333333335	0.4008333333333334
TCGA-XX-0071-01	0.7743055555555557	0.4225	0.28750000000000003	0.6525000000000001	0.7743055555555557	0.27202380952380956	0.7743055555555557	0.25
TCGA-XX-0072-01	0.49722222222222223	0.37625000000000003	0.575	0.5316666666666666	0.49722222222222223	0.593452380952381	0.49722222222222223	0.5925
TCGA-XX-0073-01	0.7645833333333334	0.54625	0.36041666666666666	0.4033333333333333	0.7645833333333334	0.33452380952380956	0.7645833333333334	0.35583333333333333
TCGA-XX-0074-01	0.7125	0.45583333333333337	0.6458333333333334	0.5183333333333333	0.7125	0.6380952380952382	0.7125	0.6008333333333333
TCGA-XX-0075-01	0.8722222222222222	0.3491666666666667	0.3972222222222222	0.3025	0.8722222222222222	0.4125	0.8722222222222222	0.4125
TCGA-XX-0076-01	0.21736111111111112	0.4845833333333334	0.7708333333333334	0.43166666666666664	0.21736111111111112	0.7660714285714285	0.21736111111111112	0.7308333333333332
TCGA-XX-0077-01	0.7597222222222223	0.4670833333333334	0.3013888888888889	0.19249999999999998	0.7597222222222223	0.3369047619047619	0.7597222222222223	0.3275
TCGA-XX-0078-01	0.5430555555555555	0.36208333333333326	0.461111111111111	0.605	0.5430555555555555	0.4708333333333333	0.5430555555555555	0.46749999999999997
TCGA-XX-0079-01	0.46874999999999994	0.6341666666666665	0.4534722222222222	0.5641666666666667	0.46874999999999994	0.47202380952380946	0.46874999999999994	0.41916666666666663
TCGA-XX-0080-01	0.3263888888888889	0.4883333333333333	0.5354166666666667	0.5366666666666667	0.3263888888888889	0.5166666666666667	0.3263888888888889	0.53
TCGA-XX-0081-01	0.8006944444444444	0.5258333333333334	0.3194444444444445	0.5308333333333333	0.8006944444444444	0.3136904761904762	0.8006944444444444	0.3616666666666667
TCGA-XX-0082-01	0.27708333333333335	0.5133333333333333	0.6673611111111112	0.51	0.27708333333333335	0.6571428571428573	0.27708333333333335	0.6658333333333334
TCGA-XX-0083-01	0.6430555555555556	0.5358333333333334	0.27638888888888885	0.4958333333333333	0.6430555555555556	0.30773809523809526	0.6430555555555556	0.3158333333333333
TCGA-XX-0084-01	0.7604166666666666	0.56125	0.5305555555555556	0.4883333333333334	0.7604166666666666	0.5577380952380953	0.7604166666666666	0.5075
TCGA-XX-0085-01	0.14930555555555555	0.5333333333333333	0.68125	0.5225	0.14930555555555555	0.6595238095238095	0.14930555555555555	0.6425000000000001
TCGA-XX-0086-01	0.37916666666666665	0.40874999999999995	0.7881944444444445	0.5408333333333333	0.37916666666666665	0.7648809523809523	0.37916666666666665	0.7833333333333333
TCGA-XX-0087-01	0.28333333333333327	0.5133333333333333	0.60625	0.46416666666666667	0.28333333333333327	0.6476190476190476	0.28333333333333327	0.5816666666666668
TCGA-XX-0088-01	0.6756944444444444	0.5041666666666667	0.34375	0.5266666666666666	0.6756944444444444	0.3136904761904762	0.6756944444444444	0.2808333333333333
TCGA-XX-0089-01	0.8138888888888888	0.4195833333333333	0.35833333333333334	0.34249999999999997	0.8138888888888888	0.3630952380952381	0.8138888888888888	0.36416666666666664
TCGA-XX-0090-01	0.8868055555555556	0.4583333333333333	0.36041666666666666	0.2758333333333333	0.8868055555555556	0.35000000000000003	0.8868055555555556	0.33499999999999996
TCGA-XX-0091-01	0.17569444444444446	0.5179166666666667	0.17916666666666667	0.43499999999999994	0.17569444444444446	0.2285714285714286	0.17569444444444446	0.15499999999999997
TCGA-XX-0092-01	0.47500000000000003	0.5733333333333335	0.40208333333333335	0.4416666666666667	0.47500000000000003	0.38095238095238093	0.47500000000000003	0.41500000000000004
TCGA-XX-0093-01	0.6715277777777778	0.55125	0.5784722222222222	0.6108333333333333	0.6715277777777778	0.5422619047619047	0.6715277777777778	0.6108333333333332
TCGA-XX-0094-01	0.8208333333333333	0.3433333333333334	0.6347222222222221	0.515	0.8208333333333333	0.5869047619047619	0.8208333333333333	0.5808333333333333
TCGA-XX-0095-01	0.6020833333333333	0.4716666666666667	0.657638888888889	0.5925	0.6020833333333333	0.6178571428571428	0.6020833333333333	0.725
TCGA-XX-0096-01	0.4305555555555556	0.5820833333333333	0.2597222222222222	0.3941666666666667	0.4305555555555556	0.3148809523809524	0.4305555555555556	0.25
TCGA-XX-0097-01	0.6124999999999999	0.5549999999999999	0.3736111111111111	0.48166666666666674	0.6124999999999999	0.37142857142857144	0.6124999999999999	0.3991666666666666
TCGA-XX-0098-01	0.4888888888888889	0.5216666666666667	0.6347222222222223	0.35666666666666663	0.4888888888888889	0.6726190476190476	0.4888888888888889	0.6500000000000001
TCGA-XX-0099-01	0.3965277777777778	0.45999999999999996	0.6541666666666667	0.5758333333333333	0.3965277777777778	0.6208333333333333	0.3965277777777778	0.6641666666666668
TCGA-XX-0100-01	0.36874999999999997	0.56	0.32430555555555557	0.5683333333333332	0.36874999999999997	0.34285714285714286	0.36874999999999997	0.3791666666666666
TCGA-XX-0101-01	0.6145833333333334	0.39375000000000004	0.45625	0.38333333333333336	0.6145833333333334	0.5107142857142858	0.6145833333333334	0.47333333333333333
TCGA-XX-0102-01	0.5534722222222223	0.39375	0.5986111111111111	0.3858333333333333	0.5534722222222223	0.5761904761904763	0.5534722222222223	0.5700000000000001
TCGA-XX-0103-01	0.5284722222222223	0.5066666666666666	0.8319444444444444	0.17916666666666664	0.5284722222222223	0.8297619047619048	0.5284722222222223	0.8408333333333333
TCGA-XX-0104-01	0.44999999999999996	0.49041666666666667	0.43541666666666673	0.5066666666666666	0.44999999999999996	0.4017857142857143	0.44999999999999996	0.3958333333333333
TCGA-XX-0105-01	0.3020833333333333	0.6641666666666667	0.16944444444444443	0.4958333333333333	0.3020833333333333	0.21845238095238098	0.3020833333333333	0.17583333333333334
TCGA-XX-0106-01	0.3812500000000001	0.45833333333333337	0.6	0.5333333333333334	0.3812500000000001	0.5690476190476191	0.3812500000000001	0.5491666666666667
TCGA-XX-0107-01	0.7243055555555555	0.43291666666666667	0.7194444444444446	0.375	0.7243055555555555	0.7029761904761905	0.7243055555555555	0.8083333333333333
TCGA-XX-0108-01	0.4381944444444444	0.5808333333333333	0.37083333333333335	0.4408333333333334	0.4381944444444444	0.3410714285714286	0.4381944444444444	0.3616666666666667
TCGA-XX-0109-01	0.27847222222222223	0.48791666666666667	0.6763888888888889	0.44250000000000006	0.27847222222222223	0.6875	0.27847222222222223	0.715
TCGA-XX-0110-01	0.7388888888888889	0.4041666666666666	0.6479166666666667	0.6308333333333334	0.7388888888888889	0.5821428571428572	0.7388888888888889	0.655
TCGA-XX-0111-01	0.5986111111111111	0.5608333333333333	0.5736111111111112	0.5175	0.5986111111111111	0.5428571428571429	0.5986111111111111	0.5491666666666667
TCGA-XX-0112-01	0.8569444444444444	0.44541666666666674	0.43194444444444446	0.41000000000000003	0.8569444444444444	0.41309523809523807	0.8569444444444444	0.40499999999999997
TCGA-XX-0113-01	0.47500000000000003	0.5054166666666667	0.6166666666666667	0.6166666666666667	0.47500000000000003	0.5827380952380953	0.47500000000000003	0.5908333333333334
TCGA-XX-0114-01	0.4020833333333333	0.4870833333333334	0.38333333333333336	0.6366666666666666	0.4020833333333333	0.4077380952380953	0.4020833333333333	0.44416666666666665
TCGA-XX-0115-01	0.16805555555555554	0.5183333333333333	0.5972222222222222	0.48583333333333345	0.16805555555555554	0.5642857142857143	0.16805555555555554	0.5650000000000001
TCGA-XX-0116-01	0.6694444444444444	0.4362500000000001	0.6590277777777778	0.4591666666666666	0.6694444444444444	0.6130952380952381	0.6694444444444444	0.6866666666666666
TCGA-XX-0117-01	0.9055555555555554	0.6029166666666668	0.3888888888888889	0.3366666666666667	0.9055555555555554	0.45416666666666666	0.9055555555555554	0.39749999999999996
TCGA-XX-0118-01	0.44097222222222227	0.48624999999999996	0.32361111111111107	0.6633333333333333	0.44097222222222227	0.3279761904761905	0.44097222222222227	0.2833333333333333
TCGA-XX-0119-01	0.3840277777777778	0.5208333333333333	0.6708333333333333	0.4133333333333333	0.3840277777777778	0.6410714285714285	0.3840277777777778	0.6375
TCGA-XX-0120-01	0.6986111111111112	0.5499999999999999	0.7597222222222221	0.41083333333333333	0.6986111111111112	0.7779761904761904	0.6986111111111112	0.7833333333333334
TCGA-XX-0121-01	0.28055555555555556	0.5333333333333334	0.625	0.515	0.28055555555555556	0.6428571428571427	0.28055555555555556	0.6441666666666667
TCGA-XX-0122-01	0.37013888888888885	0.48291666666666655	0.5423611111111111	0.6325000000000001	0.37013888888888885	0.5630952380952381	0.37013888888888885	0.5866666666666667
TCGA-XX-0123-01	0.4659722222222222	0.4437500000000001	0.6847222222222222	0.5325	0.4659722222222222	0.6619047619047619	0.4659722222222222	0.71
TCGA-XX-0124-01	0.10208333333333335	0.5425	0.5	0.5858333333333333	0.10208333333333335	0.4767857142857143	0.10208333333333335	0.4875
TCGA-XX-0125-01	0.6437499999999999	0.5979166666666667	0.4006944444444444	0.43666666666666665	0.6437499999999999	0.4416666666666667	0.6437499999999999	0.43499999999999994
TCGA-XX-0126-01	0.5694444444444445	0.43666666666666665	0.6659722222222222	0.23833333333333334	0.5694444444444445	0.7005952380952379	0.5694444444444445	0.7366666666666666
TCGA-XX-0127-01	0.5236111111111111	0.5020833333333334	0.75	0.4033333333333333	0.5236111111111111	0.7238095238095238	0.5236111111111111	0.7833333333333332
TCGA-XX-0128-01	0.56875	0.40374999999999994	0.5736111111111112	0.6191666666666668	0.56875	0.525	0.56875	0.49833333333333335
TCGA-XX-0129-01	0.5368055555555555	0.6024999999999999	0.642361111111111	0.475	0.5368055555555555	0.6136904761904762	0.5368055555555555	0.5991666666666666
TCGA-XX-0130-01	0.8784722222222222	0.5329166666666666	0.3625	0.4258333333333333	0.8784722222222222	0.32559523809523805	0.8784722222222222	0.30416666666666664
TCGA-XX-0131-01	0.5854166666666666	0.6658333333333333	0.3847222222222222	0.45999999999999996	0.5854166666666666	0.42083333333333334	0.5854166666666666	0.315
TCGA-XX-0132-01	0.6826388888888889	0.4708333333333332	0.36666666666666664	0.5050000000000001	0.6826388888888889	0.35178571428571426	0.6826388888888889	0.2441666666666667
TCGA-XX-0133-01	0.3708333333333333	0.3845833333333334	0.6999999999999998	0.6383333333333333	0.3708333333333333	0.6636904761904762	0.3708333333333333	0.6816666666666666
TCGA-XX-0134-01	0.5111111111111111	0.40750000000000003	0.6069444444444446	0.4925	0.5111111111111111	0.5982142857142858	0.5111111111111111	0.625
TCGA-XX-0135-01	0.6375	0.4841666666666666	0.34652777777777777	0.5708333333333333	0.6375	0.3238095238095238	0.6375	0.3441666666666667
TCGA-XX-0136-01	0.46875	0.5004166666666667	0.6402777777777778	0.575	0.46875	0.6035714285714286	0.46875	0.5958333333333334
TCGA-XX-0137-01	0.2506944444444444	0.47458333333333325	0.7888888888888891	0.28500000000000003	0.2506944444444444	0.7803571428571431	0.2506944444444444	0.7908333333333333
TCGA-XX-0138-01	0.29791666666666666	0.5416666666666665	0.7361111111111112	0.3808333333333333	0.29791666666666666	0.7029761904761905	0.29791666666666666	0.7133333333333334
TCGA-XX-0139-01	0.55625	0.5283333333333334	0.24444444444444446	0.5108333333333333	0.55625	0.23273809523809527	0.55625	0.20333333333333337
TCGA-XX-0140-01	0.6638888888888889	0.5616666666666668	0.545138888888889	0.4166666666666667	0.6638888888888889	0.5464285714285715	0.6638888888888889	0.5141666666666668
TCGA-XX-0141-01	0.5451388888888888	0.4133333333333333	0.5666666666666667	0.43	0.5451388888888888	0.5327380952380952	0.5451388888888888	0.5233333333333332
TCGA-XX-0142-01	0.38680555555555546	0.4491666666666667	0.7020833333333333	0.5783333333333334	0.38680555555555546	0.7005952380952379	0.38680555555555546	0.7
TCGA-XX-0143-01	0.5895833333333335	0.36208333333333337	0.5381944444444445	0.6108333333333335	0.5895833333333335	0.536904761904762	0.5895833333333335	0.5783333333333334
TCGA-XX-0144-01	0.09444444444444446	0.5454166666666667	0.5645833333333333	0.5125	0.09444444444444446	0.5553571428571428	0.09444444444444446	0.5766666666666665
TCGA-XX-0145-01	0.8020833333333335	0.5225	0.5041666666666667	0.44416666666666665	0.8020833333333335	0.46428571428571436	0.8020833333333335	0.4766666666666667
TCGA-XX-0146-01	0.5416666666666666	0.47624999999999995	0.5777777777777778	0.4141666666666667	0.5416666666666666	0.6035714285714286	0.5416666666666666	0.5883333333333334
TCGA-XX-0147-01	0.6840277777777777	0.4654166666666667	0.4055555555555555	0.47999999999999987	0.6840277777777777	0.3958333333333333	0.6840277777777777	0.4766666666666667
TCGA-XX-0148-01	0.8034722222222223	0.4145833333333334	0.6236111111111112	0.41833333333333333	0.8034722222222223	0.6011904761904762	0.8034722222222223	0.5583333333333332
TCGA-XX-0149-01	0.4861111111111111	0.5520833333333333	0.5680555555555556	0.4375	0.4861111111111111	0.55	0.4861111111111111	0.5258333333333334
TCGA-XX-0150-01	0.7534722222222222	0.5391666666666668	0.5194444444444445	0.32249999999999995	0.7534722222222222	0.5273809523809524	0.7534722222222222	0.4958333333333334
TCGA-XX-0151-01	0.47430555555555554	0.5570833333333332	0.21111111111111105	0.5166666666666668	0.47430555555555554	0.2470238095238095	0.47430555555555554	0.23583333333333328
TCGA-XX-0152-01	0.5493055555555556	0.44125	0.6708333333333334	0.4058333333333334	0.5493055555555556	0.6220238095238094	0.5493055555555556	0.6775
TCGA-XX-0153-01	0.37986111111111115	0.39958333333333335	0.32569444444444445	0.5833333333333333	0.37986111111111115	0.31904761904761914	0.37986111111111115	0.32166666666666666
TCGA-XX-0154-01	0.4583333333333333	0.4104166666666667	0.6895833333333333	0.5525	0.4583333333333333	0.7107142857142856	0.4583333333333333	0.6708333333333333
TCGA-XX-0155-01	0.8152777777777778	0.40541666666666665	0.2888888888888889	0.48583333333333334	0.8152777777777778	0.2767857142857143	0.8152777777777778	0.24916666666666668
TCGA-XX-0156-01	0.40069444444444463	0.5179166666666666	0.5888888888888889	0.3141666666666667	0.40069444444444463	0.6017857142857144	0.40069444444444463	0.6316666666666667
TCGA-XX-0157-01	0.3354166666666667	0.49416666666666664	0.4527777777777778	0.5866666666666667	0.3354166666666667	0.45892857142857146	0.3354166666666667	0.4241666666666667
TCGA-XX-0158-01	0.49097222222222214	0.41916666666666663	0.5284722222222222	0.5216666666666667	0.49097222222222214	0.5613095238095238	0.49097222222222214	0.5091666666666667
TCGA-XX-0159-01	0.6229166666666667	0.5683333333333334	0.3854166666666667	0.6616666666666666	0.6229166666666667	0.4345238095238095	0.6229166666666667	0.38666666666666666
TCGA-XX-0160-01	0.9388888888888888	0.5066666666666666	0.17569444444444446	0.53	0.9388888888888888	0.20595238095238097	0.9388888888888888	0.15583333333333332
TCGA-XX-0161-01	0.3972222222222222	0.42125	0.7770833333333332	0.5549999999999999	0.3972222222222222	0.7410714285714286	0.3972222222222222	0.8158333333333333
TCGA-XX-0162-01	0.1375	0.6558333333333335	0.5555555555555556	0.43499999999999994	0.1375	0.5196428571428572	0.1375	0.5549999999999999
TCGA-XX-0163-01	0.28055555555555556	0.5675	0.5534722222222221	0.4999999999999999	0.28055555555555556	0.5416666666666666	0.28055555555555556	0.5574999999999999
TCGA-XX-0164-01	0.13819444444444443	0.5249999999999999	0.75	0.46499999999999997	0.13819444444444443	0.769047619047619	0.13819444444444443	0.7474999999999999
TCGA-XX-0165-01	0.4590277777777778	0.4125	0.2284722222222222	0.7100000000000001	0.4590277777777778	0.2613095238095238	0.4590277777777778	0.22416666666666668
TCGA-XX-0166-01	0.5437500000000001	0.5525	0.2659722222222222	0.41833333333333333	0.5437500000000001	0.3035714285714285	0.5437500000000001	0.31666666666666665
TCGA-XX-0167-01	0.2923611111111111	0.38541666666666663	0.5236111111111111	0.3908333333333333	0.2923611111111111	0.5630952380952381	0.2923611111111111	0.4925
TCGA-XX-0168-01	0.3576388888888889	0.5766666666666667	0.4138888888888889	0.4583333333333333	0.3576388888888889	0.4089285714285715	0.3576388888888889	0.33999999999999997
TCGA-XX-0169-01	0.23680555555555557	0.6545833333333333	0.5652777777777778	0.6316666666666667	0.23680555555555557	0.5392857142857143	0.23680555555555557	0.5675
TCGA-XX-0170-01	0.5513888888888889	0.4145833333333333	0.6833333333333335	0.43166666666666664	0.5513888888888889	0.7226190476190476	0.5513888888888889	0.7266666666666667
TCGA-XX-0171-01	0.3284722222222222	0.6050000000000001	0.48541666666666666	0.4	0.3284722222222222	0.511904761904762	0.3284722222222222	0.4633333333333334
TCGA-XX-0172-01	0.7430555555555555	0.52	0.46875	0.5108333333333334	0.7430555555555555	0.4517857142857143	0.7430555555555555	0.5216666666666666
TCGA-XX-0173-01	0.65	0.49749999999999994	0.4993055555555556	0.5475	0.65	0.5077380952380952	0.65	0.45916666666666667
TCGA-XX-0174-01	0.27777777777777773	0.5379166666666666	0.5395833333333333	0.5	0.27777777777777773	0.5601190476190476	0.27777777777777773	0.5616666666666666
TCGA-XX-0175-01	0.4104166666666667	0.45583333333333326	0.6604166666666667	0.5591666666666667	0.4104166666666667	0.6523809523809524	0.4104166666666667	0.6991666666666666
TCGA-XX-0176-01	0.5159722222222222	0.5254166666666668	0.3923611111111111	0.4616666666666666	0.5159722222222222	0.38928571428571423	0.5159722222222222	0.3291666666666666
TCGA-XX-0177-01	0.6784722222222223	0.5020833333333334	0.7256944444444445	0.5466666666666667	0.6784722222222223	0.6869047619047619	0.6784722222222223	0.7483333333333333
TCGA-XX-0178-01	0.20416666666666664	0.5829166666666666	0.3986111111111111	0.635	0.20416666666666664	0.3880952380952381	0.20416666666666664	0.4541666666666667
TCGA-XX-0179-01	0.4326388888888888	0.47458333333333336	0.3527777777777778	0.38583333333333336	0.4326388888888888	0.42083333333333334	0.4326388888888888	0.4033333333333333
TCGA-XX-0180-01	0.8319444444444445	0.48958333333333337	0.41250000000000003	0.38249999999999995	0.8319444444444445	0.3779761904761905	0.8319444444444445	0.31416666666666665
TCGA-XX-0181-01	0.46597222222222223	0.4604166666666666	0.6958333333333333	0.36500000000000005	0.46597222222222223	0.6428571428571429	0.46597222222222223	0.6575
TCGA-XX-0182-01	0.6020833333333332	0.54875	0.4701388888888889	0.43	0.6020833333333332	0.46309523809523806	0.6020833333333332	0.4216666666666667
TCGA-XX-0183-01	0.48055555555555546	0.5295833333333333	0.5875	0.52	0.48055555555555546	0.5732142857142856	0.48055555555555546	0.6024999999999999
TCGA-XX-0184-01	0.41944444444444445	0.6604166666666667	0.2020833333333333	0.44250000000000006	0.41944444444444445	0.2666666666666666	0.41944444444444445	0.15916666666666668
TCGA-XX-0185-01	0.7097222222222223	0.37291666666666673	0.5416666666666667	0.605	0.7097222222222223	0.567857142857143	0.7097222222222223	0.6233333333333334
TCGA-XX-0186-01	0.5784722222222222	0.46833333333333327	0.47083333333333327	0.5166666666666666	0.5784722222222222	0.4660714285714285	0.5784722222222222	0.48250000000000004
TCGA-XX-0187-01	0.5270833333333332	0.5633333333333334	0.3819444444444444	0.48083333333333333	0.5270833333333332	0.37857142857142856	0.5270833333333332	0.3075
TCGA-XX-0188-01	0.7618055555555556	0.49416666666666653	0.3430555555555556	0.4958333333333334	0.7618055555555556	0.39642857142857146	0.7618055555555556	0.4166666666666667
TCGA-XX-0189-01	0.6881944444444444	0.5562499999999999	0.6819444444444445	0.4608333333333333	0.6881944444444444	0.6404761904761903	0.6881944444444444	0.7258333333333334
TCGA-XX-0190-01	0.1625	0.49624999999999997	0.7430555555555557	0.4725	0.1625	0.7464285714285713	0.1625	0.8425
TCGA-XX-0191-01	0.5777777777777777	0.43249999999999994	0.2708333333333333	0.47333333333333333	0.5777777777777777	0.2636904761904762	0.5777777777777777	0.2958333333333333
TCGA-XX-0192-01	0.38333333333333336	0.6329166666666666	0.2506944444444444	0.5791666666666667	0.38333333333333336	0.28273809523809523	0.38333333333333336	0.2308333333333333
TCGA-XX-0193-01	0.5930555555555554	0.4666666666666668	0.41111111111111115	0.3425	0.5930555555555554	0.38690476190476186	0.5930555555555554	0.3666666666666667
TCGA-XX-0194-01	0.3729166666666666	0.4258333333333334	0.5666666666666667	0.5525	0.3729166666666666	0.5297619047619048	0.3729166666666666	0.5008333333333334
TCGA-XX-0195-01	0.2895833333333333	0.5787500000000001	0.42777777777777776	0.5883333333333333	0.2895833333333333	0.4434523809523809	0.2895833333333333	0.335
TCGA-XX-0196-01	0.7270833333333334	0.4820833333333333	0.21527777777777776	0.6016666666666667	0.7270833333333334	0.20178571428571426	0.7270833333333334	0.21416666666666667
TCGA-XX-0197-01	0.5624999999999999	0.6045833333333334	0.16319444444444445	0.5700000000000001	0.5624999999999999	0.20297619047619048	0.5624999999999999	0.11083333333333334
TCGA-XX-0198-01	0.37986111111111104	0.5054166666666666	0.5881944444444444	0.4708333333333333	0.37986111111111104	0.563095238095238	0.37986111111111104	0.6358333333333333
TCGA-XX-0199-01	0.5277777777777778	0.40874999999999995	0.35833333333333334	0.33166666666666667	0.5277777777777778	0.36666666666666664	0.5277777777777778	0.26166666666666666
TCGA-XX-0200-01	0.5750000000000001	0.5516666666666667	0.12638888888888888	0.525	0.5750000000000001	0.1267857142857143	0.5750000000000001	0.08583333333333333
TCGA-XX-0201-01	0.5479166666666666	0.4791666666666668	0.20972222222222223	0.635	0.5479166666666666	0.2261904761904762	0.5479166666666666	0.22999999999999998
TCGA-XX-0202-01	0.09652777777777777	0.5816666666666668	0.43124999999999997	0.38499999999999995	0.09652777777777777	0.4309523809523809	0.09652777777777777	0.4774999999999999
TCGA-XX-0203-01	0.34027777777777773	0.5662499999999999	0.4861111111111111	0.4225	0.34027777777777773	0.5035714285714287	0.34027777777777773	0.425
TCGA-XX-0204-01	0.3229166666666667	0.4583333333333333	0.7166666666666667	0.49250000000000005	0.3229166666666667	0.7041666666666667	0.3229166666666667	0.72
TCGA-XX-0205-01	0.6749999999999999	0.4766666666666667	0.46597222222222223	0.485	0.6749999999999999	0.42738095238095236	0.6749999999999999	0.4800000000000001
TCGA-XX-0206-01	0.8368055555555557	0.48916666666666664	0.4805555555555556	0.3825	0.8368055555555557	0.5005952380952381	0.8368055555555557	0.5191666666666667
TCGA-XX-0207-01	0.27569444444444446	0.5079166666666667	0.7736111111111111	0.4375000000000001	0.27569444444444446	0.7458333333333333	0.27569444444444446	0.7591666666666665
TCGA-XX-0208-01	0.8555555555555555	0.39291666666666664	0.5263888888888889	0.5308333333333334	0.8555555555555555	0.531547619047619	0.8555555555555555	0.6050000000000001
TCGA-XX-0209-01	0.5277777777777778	0.36041666666666666	0.6868055555555556	0.38249999999999995	0.5277777777777778	0.6636904761904763	0.5277777777777778	0.725
TCGA-XX-0210-01	0.6881944444444446	0.5025	0.18541666666666667	0.3091666666666667	0.6881944444444446	0.22678571428571423	0.6881944444444446	0.23583333333333334
TCGA-XX-0211-01	0.38125000000000003	0.51625	0.7756944444444445	0.25999999999999995	0.38125000000000003	0.7178571428571429	0.38125000000000003	0.7241666666666666
TCGA-XX-0212-01	0.6368055555555556	0.40791666666666665	0.48124999999999996	0.21999999999999997	0.6368055555555556	0.5029761904761905	0.6368055555555556	0.45000000000000007
TCGA-XX-0213-01	0.48194444444444434	0.7279166666666668	0.5465277777777777	0.22833333333333333	0.48194444444444434	0.5404761904761904	0.48194444444444434	0.5275
TCGA-XX-0214-01	0.25	0.6487499999999999	0.4763888888888889	0.67	0.25	0.4755952380952381	0.25	0.42666666666666664
TCGA-XX-0215-01	0.2555555555555556	0.7570833333333334	0.6659722222222222	0.11166666666666666	0.2555555555555556	0.6607142857142858	0.2555555555555556	0.6683333333333332
TCGA-XX-0216-01	0.24722222222222223	0.7633333333333332	0.7819444444444446	0.575	0.24722222222222223	0.7178571428571429	0.24722222222222223	0.755
TCGA-XX-0217-01	0.23749999999999996	0.27	0.7423611111111111	0.8566666666666667	0.23749999999999996	0.7095238095238097	0.23749999999999996	0.7433333333333333
TCGA-XX-0218-01	0.7166666666666667	0.525	0.5374999999999999	0.255	0.7166666666666667	0.5613095238095237	0.7166666666666667	0.49749999999999994
TCGA-XX-0219-01	0.10625	0.7254166666666667	0.39791666666666664	0.40750000000000003	0.10625	0.4309523809523809	0.10625	0.42749999999999994
TCGA-XX-0220-01	0.5236111111111111	0.7012500000000002	0.2680555555555556	0.7791666666666667	0.5236111111111111	0.29642857142857143	0.5236111111111111	0.275
TCGA-XX-0221-01	0.2951388888888889	0.57625	0.5875	0.79	0.2951388888888889	0.5523809523809523	0.2951388888888889	0.6375
TCGA-XX-0222-01	0.24097222222222223	0.4604166666666667	0.6784722222222223	0.23249999999999998	0.24097222222222223	0.6886904761904763	0.24097222222222223	0.6824999999999999
TCGA-XX-0223-01	0.5909722222222221	0.7787499999999999	0.7270833333333333	0.24	0.5909722222222221	0.681547619047619	0.5909722222222221	0.7125
TCGA-XX-0224-01	0.28541666666666665	0.2983333333333333	0.7006944444444444	0.745	0.28541666666666665	0.6892857142857143	0.28541666666666665	0.7333333333333333
TCGA-XX-0225-01	0.6881944444444444	0.6445833333333334	0.20069444444444443	0.2725000000000001	0.6881944444444444	0.20357142857142854	0.6881944444444444	0.18083333333333335
TCGA-XX-0226-01	0.5194444444444445	0.515	0.6444444444444445	0.165	0.5194444444444445	0.6285714285714287	0.5194444444444445	0.6599999999999999
TCGA-XX-0227-01	0.5826388888888888	0.41500000000000004	0.4229166666666666	0.2341666666666667	0.5826388888888888	0.4488095238095237	0.5826388888888888	0.42749999999999994
TCGA-XX-0228-01	0.46527777777777773	0.7508333333333332	0.5916666666666666	0.2683333333333333	0.46527777777777773	0.5922619047619048	0.46527777777777773	0.49416666666666664
TCGA-XX-0229-01	0.6458333333333333	0.3008333333333334	0.33472222222222214	0.26416666666666666	0.6458333333333333	0.38095238095238093	0.6458333333333333	0.36833333333333335
TCGA-XX-0230-01	0.7388888888888889	0.6541666666666666	0.4791666666666666	0.5816666666666668	0.7388888888888889	0.47321428571428564	0.7388888888888889	0.46333333333333326
TCGA-XX-0231-01	0.36319444444444443	0.5312500000000001	0.523611111111111	0.7575000000000001	0.36319444444444443	0.5345238095238095	0.36319444444444443	0.5241666666666667
TCGA-XX-0232-01	0.5527777777777778	0.3208333333333333	0.4375	0.7025	0.5527777777777778	0.4755952380952381	0.5527777777777778	0.395
TCGA-XX-0233-01	0.8395833333333335	0.4916666666666667	0.2305555555555555	0.6783333333333333	0.8395833333333335	0.23452380952380952	0.8395833333333335	0.2758333333333333
TCGA-XX-0234-01	0.3868055555555556	0.41875	0.5069444444444445	0.6916666666666667	0.3868055555555556	0.5619047619047619	0.3868055555555556	0.5508333333333335
TCGA-XX-0235-01	0.9013888888888889	0.6016666666666666	0.33402777777777776	0.215	0.9013888888888889	0.3327380952380952	0.9013888888888889	0.32999999999999996
TCGA-XX-0236-01	0.4229166666666666	0.785	0.1625	0.4166666666666667	0.4229166666666666	0.1845238095238095	0.4229166666666666	0.15416666666666667
TCGA-XX-0237-01	0.39652777777777787	0.32249999999999995	0.41111111111111115	0.2975	0.39652777777777787	0.42738095238095236	0.39652777777777787	0.46499999999999997
TCGA-XX-0238-01	0.11041666666666668	0.44708333333333333	0.4298611111111111	0.8741666666666665	0.11041666666666668	0.42023809523809524	0.11041666666666668	0.4366666666666667
TCGA-XX-0239-01	0.31736111111111115	0.3683333333333333	0.7062499999999999	0.22583333333333333	0.31736111111111115	0.6714285714285715	0.31736111111111115	0.6541666666666666
TCGA-XX-0240-01	0.24166666666666667	0.36083333333333334	0.5284722222222222	0.7758333333333333	0.24166666666666667	0.5238095238095238	0.24166666666666667	0.5375
TCGA-XX-0241-01	0.31180555555555556	0.7750000000000001	0.39999999999999997	0.6966666666666667	0.31180555555555556	0.36428571428571427	0.31180555555555556	0.41000000000000003
TCGA-XX-0242-01	0.7291666666666666	0.38208333333333333	0.6618055555555556	0.7150000000000001	0.7291666666666666	0.6428571428571429	0.7291666666666666	0.7041666666666667
TCGA-XX-0243-01	0.5347222222222221	0.4570833333333334	0.47222222222222215	0.29000000000000004	0.5347222222222221	0.5202380952380952	0.5347222222222221	0.4841666666666666
TCGA-XX-0244-01	0.4576388888888889	0.47124999999999995	0.4597222222222222	0.7	0.4576388888888889	0.4851190476190476	0.4576388888888889	0.46833333333333327
TCGA-XX-0245-01	0.2951388888888889	0.41000000000000003	0.6416666666666667	0.7783333333333332	0.2951388888888889	0.5565476190476192	0.2951388888888889	0.6174999999999999
TCGA-XX-0246-01	0.21875	0.6245833333333335	0.7722222222222223	0.8108333333333333	0.21875	0.681547619047619	0.21875	0.7166666666666667
TCGA-XX-0247-01	0.1923611111111111	0.47541666666666665	0.5861111111111112	0.7516666666666667	0.1923611111111111	0.6065476190476191	0.1923611111111111	0.5958333333333334
TCGA-XX-0248-01	0.21180555555555555	0.37499999999999994	0.5368055555555555	0.7558333333333332	0.21180555555555555	0.5660714285714286	0.21180555555555555	0.5591666666666667
TCGA-XX-0249-01	0.8784722222222223	0.39375	0.4166666666666666	0.595	0.8784722222222223	0.39404761904761904	0.8784722222222223	0.4041666666666667
TCGA-XX-0250-01	0.45625000000000004	0.6120833333333333	0.7152777777777778	0.13833333333333334	0.45625000000000004	0.6684523809523809	0.45625000000000004	0.7066666666666667
TCGA-XX-0251-01	0.2819444444444445	0.5954166666666666	0.36388888888888893	0.8283333333333334	0.2819444444444445	0.3732142857142858	0.2819444444444445	0.3616666666666667
TCGA-XX-0252-01	0.5847222222222223	0.5966666666666668	0.31736111111111115	0.8341666666666667	0.5847222222222223	0.32976190476190476	0.5847222222222223	0.3416666666666666
TCGA-XX-0253-01	0.8055555555555555	0.7420833333333332	0.3694444444444444	0.07416666666666667	0.8055555555555555	0.36309523809523814	0.8055555555555555	0.38416666666666666
TCGA-XX-0254-01	0.4236111111111111	0.5020833333333333	0.18958333333333333	0.8008333333333333	0.4236111111111111	0.17202380952380952	0.4236111111111111	0.1716666666666667
TCGA-XX-0255-01	0.5972222222222222	0.34125000000000005	0.6368055555555556	0.3058333333333333	0.5972222222222222	0.5982142857142857	0.5972222222222222	0.615
TCGA-XX-0256-01	0.21041666666666667	0.5041666666666667	0.46527777777777773	0.7616666666666667	0.21041666666666667	0.45952380952380956	0.21041666666666667	0.45583333333333337
TCGA-XX-0257-01	0.22569444444444445	0.6100000000000001	0.4625000000000001	0.35750000000000004	0.22569444444444445	0.44880952380952394	0.22569444444444445	0.4608333333333333
TCGA-XX-0258-01	0.8159722222222222	0.3983333333333334	0.2618055555555555	0.7074999999999999	0.8159722222222222	0.2726190476190476	0.8159722222222222	0.21333333333333332
TCGA-XX-0259-01	0.9416666666666668	0.6199999999999999	0.26944444444444443	0.23916666666666667	0.9416666666666668	0.2565476190476191	0.9416666666666668	0.2575
TCGA-XX-0260-01	0.29305555555555557	0.35625	0.3826388888888889	0.9	0.29305555555555557	0.3720238095238095	0.29305555555555557	0.37499999999999994
TCGA-XX-0261-01	0.2222222222222222	0.6125	0.2388888888888889	0.33416666666666667	0.2222222222222222	0.2613095238095238	0.2222222222222222	0.21666666666666665
TCGA-XX-0262-01	0.7631944444444444	0.4833333333333334	0.18333333333333338	0.8583333333333332	0.7631944444444444	0.23809523809523814	0.7631944444444444	0.22583333333333339
TCGA-XX-0263-01	0.7444444444444445	0.3279166666666667	0.16875000000000004	0.7216666666666667	0.7444444444444445	0.20952380952380953	0.7444444444444445	0.17166666666666666
TCGA-XX-0264-01	0.6784722222222221	0.6795833333333333	0.5597222222222223	0.22166666666666668	0.6784722222222221	0.5482142857142858	0.6784722222222221	0.5875
TCGA-XX-0265-01	0.6715277777777778	0.8037500000000002	0.3777777777777778	0.4125	0.6715277777777778	0.33452380952380956	0.6715277777777778	0.3366666666666667
TCGA-XX-0266-01	0.588888888888889	0.14958333333333335	0.6416666666666666	0.7041666666666666	0.588888888888889	0.6666666666666666	0.588888888888889	0.6325000000000001
TCGA-XX-0267-01	0.7368055555555556	0.37125	0.2736111111111111	0.42750000000000005	0.7368055555555556	0.3238095238095238	0.7368055555555556	0.2308333333333333
TCGA-XX-0268-01	0.6798611111111112	0.36625	0.5319444444444444	0.315	0.6798611111111112	0.5714285714285714	0.6798611111111112	0.5608333333333333
TCGA-XX-0269-01	0.6013888888888889	0.6979166666666667	0.4465277777777778	0.11500000000000002	0.6013888888888889	0.40773809523809523	0.6013888888888889	0.39416666666666667
TCGA-XX-0270-01	0.682638888888889	0.3425000000000001	0.6222222222222222	0.26	0.682638888888889	0.5738095238095238	0.682638888888889	0.5941666666666666
TCGA-XX-0271-01	0.45555555555555555	0.6454166666666665	0.4520833333333334	0.28250000000000003	0.45555555555555555	0.5089285714285715	0.45555555555555555	0.545
TCGA-XX-0272-01	0.4833333333333332	0.6779166666666666	0.4138888888888888	0.7024999999999999	0.4833333333333332	0.4327380952380952	0.4833333333333332	0.4366666666666667
TCGA-XX-0273-01	0.5527777777777779	0.5408333333333333	0.32916666666666666	0.6933333333333332	0.5527777777777779	0.30476190476190473	0.5527777777777779	0.32416666666666666
TCGA-XX-0274-01	0.14236111111111113	0.47458333333333336	0.6819444444444444	0.315	0.14236111111111113	0.6761904761904762	0.14236111111111113	0.6716666666666666
TCGA-XX-0275-01	0.5625	0.37083333333333335	0.8555555555555555	0.24	0.5625	0.8410714285714286	0.5625	0.8549999999999999
TCGA-XX-0276-01	0.2465277777777778	0.5929166666666668	0.7340277777777778	0.3575	0.2465277777777778	0.7119047619047618	0.2465277777777778	0.7633333333333334
TCGA-XX-0277-01	0.46875	0.6245833333333334	0.46875	0.5483333333333332	0.46875	0.4494047619047619	0.46875	0.39749999999999996
TCGA-XX-0278-01	0.14930555555555555	0.6566666666666666	0.5208333333333334	0.2816666666666667	0.14930555555555555	0.543452380952381	0.14930555555555555	0.5208333333333333
TCGA-XX-0279-01	0.7041666666666666	0.5720833333333333	0.6854166666666668	0.21083333333333334	0.7041666666666666	0.6845238095238095	0.7041666666666666	0.7325
TCGA-XX-0280-01	0.5986111111111111	0.17124999999999999	0.4131944444444444	0.7725	0.5986111111111111	0.45357142857142857	0.5986111111111111	0.41083333333333333
TCGA-XX-0281-01	0.38402777777777786	0.37083333333333335	0.4041666666666666	0.74	0.38402777777777786	0.43154761904761907	0.38402777777777786	0.36583333333333334
TCGA-XX-0282-01	0.8520833333333333	0.39249999999999996	0.3923611111111111	0.4116666666666666	0.8520833333333333	0.43571428571428567	0.8520833333333333	0.4008333333333334
TCGA-XX-0283-01	0.6868055555555556	0.5516666666666666	0.5256944444444445	0.29	0.6868055555555556	0.49226190476190473	0.6868055555555556	0.44333333333333325
TCGA-XX-0284-01	0.48194444444444434	0.6041666666666667	0.46736111111111106	0.4058333333333334	0.48194444444444434	0.49166666666666664	0.48194444444444434	0.4958333333333334
TCGA-XX-0285-01	0.12569444444444444	0.4041666666666666	0.8986111111111111	0.6900000000000001	0.12569444444444444	0.8839285714285715	0.12569444444444444	0.875
TCGA-XX-0286-01	0.5930555555555556	0.6520833333333333	0.8868055555555555	0.2558333333333333	0.5930555555555556	0.806547619047619	0.5930555555555556	0.8816666666666666
TCGA-XX-0287-01	0.41874999999999996	0.7829166666666667	0.46597222222222223	0.19083333333333333	0.41874999999999996	0.4886904761904762	0.41874999999999996	0.45916666666666667
TCGA-XX-0288-01	0.49166666666666664	0.6916666666666667	0.31388888888888894	0.3208333333333333	0.49166666666666664	0.32500000000000007	0.49166666666666664	0.32166666666666666
TCGA-XX-0289-01	0.5729166666666667	0.6566666666666665	0.3923611111111111	0.6399999999999999	0.5729166666666667	0.4511904761904762	0.5729166666666667	0.32333333333333336
TCGA-XX-0290-01	0.37777777777777777	0.4020833333333334	0.5131944444444444	0.8583333333333334	0.37777777777777777	0.4982142857142858	0.37777777777777777	0.5125
TCGA-XX-0291-01	0.5791666666666667	0.35416666666666674	0.21458333333333332	0.7991666666666667	0.5791666666666667	0.21904761904761902	0.5791666666666667	0.16416666666666666
TCGA-XX-0292-01	0.6437499999999999	0.6199999999999999	0.49513888888888896	0.36083333333333334	0.6437499999999999	0.5065476190476191	0.6437499999999999	0.5375
TCGA-XX-0293-01	0.4958333333333332	0.6404166666666667	0.34097222222222223	0.5299999999999999	0.4958333333333332	0.3702380952380952	0.4958333333333332	0.31083333333333335
TCGA-XX-0294-01	0.34652777777777777	0.7170833333333333	0.26666666666666666	0.5066666666666666	0.34652777777777777	0.3321428571428572	0.34652777777777777	0.22083333333333335
TCGA-XX-0295-01	0.8638888888888888	0.45583333333333326	0.34097222222222223	0.17666666666666667	0.8638888888888888	0.3452380952380953	0.8638888888888888	0.37583333333333335
TCGA-XX-0296-01	0.7868055555555556	0.32333333333333325	0.7062499999999999	0.16416666666666668	0.7868055555555556	0.7351190476190477	0.7868055555555556	0.7333333333333332
TCGA-XX-0297-01	0.8361111111111111	0.27875	0.30833333333333335	0.7366666666666666	0.8361111111111111	0.3470238095238095	0.8361111111111111	0.32166666666666666
TCGA-XX-0298-01	0.40416666666666673	0.5979166666666667	0.5277777777777778	0.4141666666666667	0.40416666666666673	0.5630952380952382	0.40416666666666673	0.5233333333333333
TCGA-XX-0299-01	0.6909722222222222	0.17458333333333328	0.5465277777777778	0.5433333333333332	0.6909722222222222	0.5833333333333333	0.6909722222222222	0.595
TCGA-XX-0300-01	0.6826388888888889	0.6799999999999999	0.26875	0.8033333333333333	0.6826388888888889	0.2970238095238095	0.6826388888888889	0.2975
TCGA-XX-0301-01	0.6805555555555555	0.3545833333333333	0.4944444444444444	0.8583333333333334	0.6805555555555555	0.43392857142857144	0.6805555555555555	0.465
TCGA-XX-0302-01	0.5513888888888889	0.5454166666666667	0.6736111111111112	0.1625	0.5513888888888889	0.7130952380952381	0.5513888888888889	0.7575000000000001
TCGA-XX-0303-01	0.44722222222222224	0.33999999999999997	0.7666666666666666	0.6958333333333334	0.44722222222222224	0.7178571428571427	0.44722222222222224	0.7666666666666666
TCGA-XX-0304-01	0.3333333333333333	0.7129166666666668	0.3326388888888889	0.6583333333333332	0.3333333333333333	0.3470238095238095	0.3333333333333333	0.36666666666666664
TCGA-XX-0305-01	0.3298611111111111	0.22749999999999998	0.5125	0.7758333333333333	0.3298611111111111	0.4720238095238095	0.3298611111111111	0.535
TCGA-XX-0306-01	0.33888888888888896	0.7	0.548611111111111	0.21750000000000003	0.33888888888888896	0.5601190476190475	0.33888888888888896	0.5233333333333333
TCGA-XX-0307-01	0.5520833333333334	0.5695833333333333	0.5319444444444444	0.21166666666666667	0.5520833333333334	0.5125	0.5520833333333334	0.49749999999999994
TCGA-XX-0308-01	0.45555555555555555	0.6475	0.5979166666666668	0.2841666666666667	0.45555555555555555	0.5946428571428571	0.45555555555555555	0.72
TCGA-XX-0309-01	0.16319444444444445	0.5958333333333333	0.6284722222222222	0.3333333333333333	0.16319444444444445	0.6428571428571429	0.16319444444444445	0.6533333333333333
TCGA-XX-0310-01	0.570138888888889	0.33291666666666664	0.37222222222222223	0.6633333333333333	0.570138888888889	0.4178571428571428	0.570138888888889	0.3625
TCGA-XX-0311-01	0.8909722222222222	0.3225	0.24583333333333332	0.25416666666666665	0.8909722222222222	0.2369047619047619	0.8909722222222222	0.24916666666666668
TCGA-XX-0312-01	0.7888888888888888	0.19	0.7666666666666667	0.19749999999999998	0.7888888888888888	0.7839285714285715	0.7888888888888888	0.795
TCGA-XX-0313-01	0.12916666666666665	0.49499999999999994	0.5458333333333334	0.8150000000000001	0.12916666666666665	0.5404761904761906	0.12916666666666665	0.5741666666666667
TCGA-XX-0314-01	0.36041666666666666	0.6254166666666666	0.41736111111111107	0.44499999999999995	0.36041666666666666	0.43809523809523804	0.36041666666666666	0.4391666666666666
TCGA-XX-0315-01	0.6333333333333332	0.4808333333333333	0.6229166666666667	0.19166666666666668	0.6333333333333332	0.6380952380952382	0.6333333333333332	0.5658333333333333
TCGA-XX-0316-01	0.5131944444444444	0.3283333333333333	0.44166666666666665	0.8041666666666666	0.5131944444444444	0.4446428571428571	0.5131944444444444	0.4758333333333333
TCGA-XX-0317-01	0.5409722222222222	0.5104166666666667	0.46597222222222223	0.6175	0.5409722222222222	0.4767857142857143	0.5409722222222222	0.4416666666666666
TCGA-XX-0318-01	0.5750000000000001	0.29541666666666666	0.2541666666666667	0.45000000000000007	0.5750000000000001	0.2976190476190477	0.5750000000000001	0.20083333333333334
TCGA-XX-0319-01	0.4583333333333333	0.7204166666666667	0.7194444444444444	0.2858333333333333	0.4583333333333333	0.7267857142857144	0.4583333333333333	0.7316666666666666
TCGA-XX-0320-01	0.22013888888888888	0.7720833333333333	0.4312500000000001	0.7533333333333333	0.22013888888888888	0.45595238095238094	0.22013888888888888	0.4541666666666666
TCGA-XX-0321-01	0.7020833333333333	0.6866666666666666	0.6736111111111112	0.3516666666666667	0.7020833333333333	0.6327380952380952	0.7020833333333333	0.6616666666666666
TCGA-XX-0322-01	0.21875	0.6191666666666665	0.6236111111111112	0.5208333333333334	0.21875	0.6101190476190476	0.21875	0.6291666666666667
TCGA-XX-0323-01	0.45763888888888893	0.8208333333333334	0.2506944444444444	0.375	0.45763888888888893	0.33154761904761904	0.45763888888888893	0.28250000000000003
TCGA-XX-0324-01	0.8027777777777777	0.2516666666666667	0.6506944444444445	0.21749999999999997	0.8027777777777777	0.6392857142857143	0.8027777777777777	0.6816666666666666
TCGA-XX-0325-01	0.7604166666666666	0.29624999999999996	0.6194444444444445	0.7108333333333332	0.7604166666666666	0.6339285714285715	0.7604166666666666	0.6383333333333333
TCGA-XX-0326-01	0.3590277777777778	0.5808333333333333	0.6319444444444444	0.7683333333333333	0.3590277777777778	0.6113095238095239	0.3590277777777778	0.7
TCGA-XX-0327-01	0.4791666666666667	0.4687500000000001	0.7277777777777779	0.31416666666666665	0.4791666666666667	0.6761904761904763	0.4791666666666667	0.6733333333333335
TCGA-XX-0328-01	0.35486111111111107	0.47000000000000003	0.36250000000000004	0.6466666666666666	0.35486111111111107	0.37380952380952387	0.35486111111111107	0.3516666666666667
TCGA-XX-0329-01	0.3875	0.6104166666666668	0.5722222222222223	0.61	0.3875	0.5875	0.3875	0.6516666666666666
TCGA-XX-0330-01	0.42361111111111116	0.4408333333333334	0.7749999999999999	0.18333333333333332	0.42361111111111116	0.750595238095238	0.42361111111111116	0.7516666666666667
TCGA-XX-0331-01	0.7555555555555556	0.7966666666666666	0.44930555555555546	0.4416666666666666	0.7555555555555556	0.4249999999999999	0.7555555555555556	0.4025
TCGA-XX-0332-01	0.4305555555555556	0.5758333333333333	0.18472222222222223	0.24	0.4305555555555556	0.20238095238095236	0.4305555555555556	0.17166666666666666
TCGA-XX-0333-01	0.7680555555555556	0.14625	0.6631944444444444	0.45666666666666667	0.7680555555555556	0.6583333333333332	0.7680555555555556	0.6591666666666668
TCGA-XX-0334-01	0.5402777777777777	0.38458333333333333	0.5340277777777779	0.6991666666666666	0.5402777777777777	0.5517857142857143	0.5402777777777777	0.5758333333333334
TCGA-XX-0335-01	0.6208333333333332	0.34208333333333335	0.8173611111111111	0.21166666666666667	0.6208333333333332	0.8053571428571429	0.6208333333333332	0.8216666666666667
TCGA-XX-0336-01	0.5909722222222222	0.34458333333333335	0.517361111111111	0.2633333333333333	0.5909722222222222	0.5226190476190476	0.5909722222222222	0.4525
TCGA-XX-0337-01	0.6881944444444444	0.6616666666666667	0.2263888888888889	0.2533333333333333	0.6881944444444444	0.2523809523809524	0.6881944444444444	0.21750000000000003
TCGA-XX-0338-01	0.5652777777777778	0.33125000000000004	0.6791666666666667	0.2058333333333333	0.5652777777777778	0.6267857142857143	0.5652777777777778	0.6599999999999999
TCGA-XX-0339-01	0.5395833333333333	0.16458333333333336	0.7784722222222222	0.7508333333333334	0.5395833333333333	0.719047619047619	0.5395833333333333	0.7641666666666667
TCGA-XX-0340-01	0.40625	0.43499999999999994	0.6604166666666668	0.2483333333333333	0.40625	0.6357142857142858	0.40625	0.6616666666666667
TCGA-XX-0341-01	0.10486111111111111	0.8162499999999999	0.6243055555555556	0.4033333333333333	0.10486111111111111	0.6476190476190478	0.10486111111111111	0.5841666666666667
TCGA-XX-0342-01	0.5388888888888889	0.36916666666666664	0.8048611111111111	0.7608333333333334	0.5388888888888889	0.8041666666666666	0.5388888888888889	0.7716666666666667
TCGA-XX-0343-01	0.5222222222222223	0.7625000000000001	0.23055555555555554	0.7158333333333333	0.5222222222222223	0.26726190476190476	0.5222222222222223	0.2341666666666667
TCGA-XX-0344-01	0.39305555555555555	0.6104166666666668	0.27777777777777773	0.85	0.39305555555555555	0.33095238095238094	0.39305555555555555	0.2908333333333334
TCGA-XX-0345-01	0.45138888888888884	0.82	0.2604166666666667	0.44416666666666665	0.45138888888888884	0.2916666666666667	0.45138888888888884	0.2316666666666667
TCGA-XX-0346-01	0.4513888888888889	0.6570833333333334	0.5861111111111111	0.3791666666666667	0.4513888888888889	0.5648809523809524	0.4513888888888889	0.5591666666666666
TCGA-XX-0347-01	0.32083333333333336	0.7116666666666667	0.34722222222222227	0.5658333333333334	0.32083333333333336	0.34464285714285714	0.32083333333333336	0.3716666666666667
TCGA-XX-0348-01	0.7402777777777777	0.13541666666666669	0.31736111111111115	0.8266666666666665	0.7402777777777777	0.34702380952380957	0.7402777777777777	0.3083333333333334
TCGA-XX-0349-01	0.8034722222222223	0.3225	0.6090277777777777	0.20416666666666666	0.8034722222222223	0.593452380952381	0.8034722222222223	0.6758333333333333
TCGA-XX-0350-01	0.7041666666666666	0.1875	0.42777777777777776	0.6633333333333333	0.7041666666666666	0.4119047619047619	0.7041666666666666	0.45583333333333337
TCGA-XX-0351-01	0.7034722222222222	0.33749999999999997	0.7340277777777778	0.8066666666666666	0.7034722222222222	0.6791666666666666	0.7034722222222222	0.6858333333333333
TCGA-XX-0352-01	0.15069444444444444	0.61	0.7270833333333334	0.7066666666666667	0.15069444444444444	0.7291666666666667	0.15069444444444444	0.6841666666666666
TCGA-XX-0353-01	0.6493055555555556	0.6941666666666666	0.2854166666666667	0.13499999999999998	0.6493055555555556	0.3541666666666667	0.6493055555555556	0.29833333333333334
TCGA-XX-0354-01	0.41041666666666665	0.6137499999999998	0.6041666666666667	0.8175000000000001	0.41041666666666665	0.6273809523809524	0.41041666666666665	0.7033333333333334
TCGA-XX-0355-01	0.7694444444444444	0.20208333333333334	0.5368055555555554	0.7908333333333333	0.7694444444444444	0.5053571428571428	0.7694444444444444	0.4766666666666667
TCGA-XX-0356-01	0.7041666666666666	0.3395833333333333	0.22569444444444445	0.8283333333333335	0.7041666666666666	0.24702380952380953	0.7041666666666666	0.2891666666666667
TCGA-XX-0357-01	0.6923611111111113	0.38499999999999995	0.8791666666666668	0.3058333333333333	0.6923611111111113	0.8404761904761905	0.6923611111111113	0.8841666666666667
TCGA-XX-0358-01	0.5180555555555556	0.6220833333333333	0.5986111111111111	0.18666666666666668	0.5180555555555556	0.6136904761904762	0.5180555555555556	0.6158333333333333
TCGA-XX-0359-01	0.9305555555555557	0.45041666666666663	0.56875	0.5983333333333334	0.9305555555555557	0.5089285714285714	0.9305555555555557	0.5091666666666667
