gene	bootstrap_frequency	mean_degree	sd_degree	n_bootstrap	subtype	is_tf	stable
REW_T05	1.0	94.26666666666667	11.39852783396212	30	Basal	False	True
REW_T03	1.0	92.16666666666667	13.214629649808929	30	Basal	False	True
REW_T01	1.0	91.46666666666667	13.195436341019008	30	Basal	False	True
REW_T02	1.0	90.56666666666666	10.77571770018234	30	Basal	False	True
REW_T04	1.0	89.8	11.876955374401186	30	Basal	False	True
MOD1_G04	0.9333333333333333	26.5	4.240608284278289	30	Basal	False	True
MOD1_G09	0.9333333333333333	25.666666666666668	5.228129047119374	30	Basal	False	True
MOD2_G05	0.8666666666666667	24.833333333333332	5.004021371362983	30	Basal	False	True
MOD1_G13	0.8666666666666667	24.5	4.7324995218317705	30	Basal	False	True
MOD1_G06	0.8	24.1	4.566368813174319	30	Basal	False	True
MOD1_G05	0.7666666666666667	23.766666666666666	5.537853021880774	30	Basal	False	True
MOD2_G01	0.7	22.3	5.571788544642277	30	Basal	False	True
MOD1_G01	0.6666666666666666	23.066666666666666	5.771113161811747	30	Basal	False	False
MOD2_G08	0.6666666666666666	23.033333333333335	5.081971741520135	30	Basal	False	False
MOD2_G13	0.6666666666666666	23.033333333333335	5.095524292562243	30	Basal	False	False
MOD2_G16	0.6666666666666666	22.766666666666666	4.107884205242178	30	Basal	False	False
MOD1_G10	0.6666666666666666	22.1	4.985150362620072	30	Basal	False	False
MOD1_G14	0.6	21.833333333333332	5.546563604259123	30	Basal	False	False
MOD2_G09	0.5	21.166666666666668	6.198349798929151	30	Basal	False	False
MOD2_G17	0.43333333333333335	19.6	4.492138727246475	30	Basal	False	False
MOD1_G15	0.3	18.966666666666665	3.9955434944562866	30	Basal	False	False
MOD1_G11	0.3	18.8	4.3501882638610585	30	Basal	False	False
MOD1_G12	0.3	18.066666666666666	6.147235618318729	30	Basal	False	False
MOD2_G14	0.26666666666666666	18.8	4.334305814839525	30	Basal	False	False
MOD2_G15	0.26666666666666666	17.6	4.657955745188862	30	Basal	False	False
MOD2_G19	0.26666666666666666	17.4	5.980427847686093	30	Basal	False	False
MOD3_G11	0.26666666666666666	16.0	5.388365499724447	30	Basal	False	False
MOD2_G00	0.23333333333333334	17.2	4.397491447914681	30	Basal	False	False
MOD1_G00	0.2	18.2	5.254882786841994	30	Basal	False	False
MOD3_G07	0.2	13.333333333333334	5.779472194809377	30	Basal	False	False
MOD3_G12	0.13333333333333333	15.066666666666666	5.476805848197522	30	Basal	False	False
MOD3_G16	0.13333333333333333	14.566666666666666	4.477401750656468	30	Basal	False	False
MOD2_G02	0.13333333333333333	14.266666666666667	6.164041068880915	30	Basal	False	False
MOD3_G02	0.13333333333333333	13.733333333333333	5.451563099688479	30	Basal	False	False
MOD1_G18	0.1	15.733333333333333	5.159078595449287	30	Basal	False	False
MOD2_G12	0.1	14.966666666666667	4.930435619932466	30	Basal	False	False
MOD1_G02	0.1	14.9	5.52954447210306	30	Basal	False	False
MOD3_G15	0.1	14.566666666666666	4.598975398134206	30	Basal	False	False
MOD2_G07	0.1	11.633333333333333	5.5552605285647845	30	Basal	False	False
NOISE133	0.1	10.833333333333334	6.069047152011041	30	Basal	False	False
MOD1_G03	0.06666666666666667	16.633333333333333	4.43717317073905	30	Basal	False	False
MOD2_G04	0.06666666666666667	15.7	4.4578485610329395	30	Basal	False	False
REW_DRIVER	0.06666666666666667	14.766666666666667	3.1914036835324313	30	Basal	False	False
MOD2_G11	0.06666666666666667	13.466666666666667	4.811862735833779	30	Basal	False	False
NOISE152	0.06666666666666667	11.4	5.3019189759544805	30	Basal	False	False
MOD3_G03	0.03333333333333333	10.666666666666666	5.155066696336544	30	Basal	False	False
MOD2_G06	0.03333333333333333	10.633333333333333	4.759624248667719	30	Basal	False	False
NOISE127	0.03333333333333333	9.266666666666667	3.3930286880839837	30	Basal	False	False
NOISE111	0.03333333333333333	8.6	4.430303173248592	30	Basal	False	False
NOISE101	0.03333333333333333	7.9	4.971296923685838	30	Basal	False	False
NOISE145	0.03333333333333333	6.666666666666667	3.506971709996053	30	Basal	False	False
MOD3_G09	0.0	12.9	3.880543865188895	30	Basal	False	False
MOD1_G16	0.0	12.733333333333333	4.059330107239399	30	Basal	False	False
MOD2_G18	0.0	12.5	4.539102144241972	30	Basal	False	False
MOD1_G19	0.0	11.666666666666666	3.9856062865346304	30	Basal	False	False
MOD1_G08	0.0	10.366666666666667	4.327006876091963	30	Basal	False	False
NOISE019	0.0	8.344827586206897	3.7155643877090623	30	Basal	False	False
MOD1_G17	0.0	8.333333333333334	3.790490217894517	30	Basal	False	False
MOD2_G10	0.0	8.266666666666667	3.9386093584107726	30	Basal	False	False
NOISE102	0.0	8.133333333333333	4.074591863067357	30	Basal	False	False
MOD1_G07	0.0	8.133333333333333	3.598211560870429	30	Basal	False	False
MOD3_G08	0.0	8.133333333333333	3.5402448126271335	30	Basal	False	False
MOD3_G05	0.0	8.066666666666666	3.694668417144315	30	Basal	False	False
NOISE148	0.0	8.033333333333333	3.2107935782760704	30	Basal	False	False
MOD3_G10	0.0	7.9	3.871647604368687	30	Basal	False	False
NOISE045	0.0	7.8	3.397768030076052	30	Basal	False	False
MOD3_G14	0.0	7.7	4.21941326203799	30	Basal	False	False
MOD3_G18	0.0	7.666666666666667	3.7813820984810094	30	Basal	False	False
MOD3_G04	0.0	7.4	4.25562508071214	30	Basal	False	False
NOISE063	0.0	7.333333333333333	3.8086411128428446	30	Basal	False	False
NOISE139	0.0	7.3	3.8160279041848266	30	Basal	False	False
MOD3_G00	0.0	7.233333333333333	3.5881349812511454	30	Basal	False	False
NOISE085	0.0	7.066666666666666	2.765967229134083	30	Basal	False	False
NOISE132	0.0	7.033333333333333	3.863920943481021	30	Basal	False	False
NOISE011	0.0	6.966666666666667	2.965122935560768	30	Basal	False	False
NOISE083	0.0	6.666666666666667	2.4821199689438633	30	Basal	False	False
MOD2_G03	0.0	6.5	3.235045168367717	30	Basal	False	False
NOISE117	0.0	6.3	3.1529952918367683	30	Basal	False	False
NOISE108	0.0	6.3	2.6280975156420925	30	Basal	False	False
MOD3_G13	0.0	6.233333333333333	2.9087659823763556	30	Basal	False	False
NOISE017	0.0	6.066666666666666	2.5179813114988505	30	Basal	False	False
NOISE105	0.0	5.758620689655173	2.9112487798414066	30	Basal	False	False
MOD3_G06	0.0	5.689655172413793	3.2634715113539317	30	Basal	False	False
NOISE110	0.0	5.6	2.685850536319599	30	Basal	False	False
NOISE100	0.0	5.566666666666666	2.955804731235709	30	Basal	False	False
NOISE024	0.0	5.076923076923077	3.5431407188885617	30	Basal	False	False
NOISE014	0.0	5.068965517241379	2.4043269697235234	30	Basal	False	False
MOD3_G01	0.0	5.0	3.0550504633038935	30	Basal	False	False
NOISE099	0.0	4.866666666666666	2.4030631792939112	30	Basal	False	False
NOISE159	0.0	4.724137931034483	3.0577366947762656	30	Basal	False	False
NOISE053	0.0	4.714285714285714	2.650746126368013	30	Basal	False	False
NOISE103	0.0	4.7	2.995974310464881	30	Basal	False	False
NOISE031	0.0	4.655172413793103	2.424220965720822	30	Basal	False	False
NOISE050	0.0	4.586206896551724	2.556745159926558	30	Basal	False	False
NOISE126	0.0	4.5	1.6887426837300736	30	Basal	False	False
NOISE137	0.0	4.5	2.7005746514910234	30	Basal	False	False
NOISE021	0.0	4.5	2.2026919557332234	30	Basal	False	False
NOISE033	0.0	4.482758620689655	2.0979699312698252	30	Basal	False	False
NOISE029	0.0	4.466666666666667	1.8705214713316296	30	Basal	False	False
NOISE058	0.0	4.433333333333334	1.8879533405494835	30	Basal	False	False
NOISE157	0.0	4.392857142857143	2.6989611954215893	30	Basal	False	False
NOISE048	0.0	4.357142857142857	1.947729651068339	30	Basal	False	False
ACTA2	0.0	4.172413793103448	1.670520994806312	30	Basal	False	False
MMP2	0.0	4.137931034482759	1.5748954144648664	30	Basal	False	False
NOISE039	0.0	4.1	1.493664782593009	30	Basal	False	False
NOISE070	0.0	4.0	2.5634797778466227	30	Basal	False	False
NOISE004	0.0	4.0	2.220038609702865	30	Basal	False	False
MOD3_G17	0.0	3.9655172413793105	1.9361736680645163	30	Basal	False	False
NOISE034	0.0	3.933333333333333	1.7991057804352144	30	Basal	False	False
NOISE013	0.0	3.892857142857143	1.931019414411978	30	Basal	False	False
NOISE015	0.0	3.8214285714285716	2.178235293697399	30	Basal	False	False
NOISE054	0.0	3.8	2.04095988235421	30	Basal	False	False
NOISE125	0.0	3.8	2.0239940029896166	30	Basal	False	False
NOISE150	0.0	3.793103448275862	2.0420457240023437	30	Basal	False	False
NOISE066	0.0	3.76	1.942506971244462	30	Basal	False	False
NOISE081	0.0	3.72	1.9476481543988722	30	Basal	False	False
MOD3_G19	0.0	3.7037037037037037	1.8147857431243208	30	Basal	False	False
NOISE000	0.0	3.7	1.9502431324996554	30	Basal	False	False
NOISE113	0.0	3.6923076923076925	1.7382573059068274	30	Basal	False	False
NOISE123	0.0	3.689655172413793	1.9291642949337646	30	Basal	False	False
NOISE077	0.0	3.5714285714285716	2.394879900005371	30	Basal	False	False
NOISE149	0.0	3.5517241379310347	2.06304571822051	30	Basal	False	False
ADIPOQ	0.0	3.5357142857142856	1.621205378200701	30	Basal	False	False
LUM	0.0	3.533333333333333	1.5252661346824676	30	Basal	False	False
NOISE076	0.0	3.533333333333333	1.8332810859848758	30	Basal	False	False
NOISE051	0.0	3.4814814814814814	2.3918189147169397	30	Basal	False	False
PTPRC	0.0	3.4814814814814814	1.7180125004105622	30	Basal	False	False
NOISE140	0.0	3.466666666666667	1.9250317208910563	30	Basal	False	False
NOISE120	0.0	3.4482758620689653	2.0456610335144503	30	Basal	False	False
PLK1	0.0	3.4444444444444446	1.5021352323976216	30	Basal	False	False
NOISE020	0.0	3.413793103448276	1.7426835090767003	30	Basal	False	False
NOISE092	0.0	3.3793103448275863	1.5448946589943156	30	Basal	False	False
NOISE141	0.0	3.357142857142857	1.7259304675553933	30	Basal	False	False
COL1A2	0.0	3.3333333333333335	1.6870547845739468	30	Basal	False	False
NOISE138	0.0	3.32	1.7729448195962936	30	Basal	False	False
FAP	0.0	3.32	1.6763054614240211	30	Basal	False	False
CCNB1	0.0	3.260869565217391	1.6846200355070042	30	Basal	False	False
NOISE122	0.0	3.2413793103448274	1.5733306893746397	30	Basal	False	False
GPD1	0.0	3.2	1.7300587990805	30	Basal	False	False
FABP4	0.0	3.2	1.7795130420052185	30	Basal	False	False
NOISE005	0.0	3.1923076923076925	2.60797593193236	30	Basal	False	False
NOISE128	0.0	3.1724137931034484	1.7127456136116106	30	Basal	False	False
NOISE002	0.0	3.1481481481481484	1.9553418686669148	30	Basal	False	False
NOISE001	0.0	3.125	1.541103500742244	30	Basal	False	False
LPL	0.0	3.12	1.7635192088548397	30	Basal	False	False
NOISE087	0.0	3.12	1.76351920885484	30	Basal	False	False
NOISE043	0.0	3.111111111111111	1.4763086328702342	30	Basal	False	False
NOISE049	0.0	3.0869565217391304	2.043015673820997	30	Basal	False	False
NOISE057	0.0	3.076923076923077	1.3243285671789136	30	Basal	False	False
NOISE074	0.0	3.076923076923077	1.7417939470115729	30	Basal	False	False
CIDEA	0.0	3.074074074074074	1.268734254951213	30	Basal	False	False
NOISE097	0.0	3.04	1.881488772222678	30	Basal	False	False
NOISE071	0.0	3.0384615384615383	1.969381003884606	30	Basal	False	False
NOISE106	0.0	3.0384615384615383	1.7083505314956702	30	Basal	False	False
NOISE035	0.0	3.037037037037037	1.505923725759797	30	Basal	False	False
NOISE156	0.0	3.0357142857142856	1.5511559096637115	30	Basal	False	False
NOISE065	0.0	3.0	1.7638342073763937	30	Basal	False	False
NOISE016	0.0	3.0	1.2171612389003692	30	Basal	False	False
NOISE158	0.0	3.0	1.5545631755148024	30	Basal	False	False
NOISE003	0.0	3.0	1.7663521732655694	30	Basal	False	False
NOISE018	0.0	2.9642857142857144	1.201300001299298	30	Basal	False	False
CDK1	0.0	2.9642857142857144	1.6212053782007012	30	Basal	False	False
NOISE062	0.0	2.9642857142857144	1.6438920136009396	30	Basal	False	False
NOISE007	0.0	2.9285714285714284	1.8644544714716087	30	Basal	False	False
CD2	0.0	2.925925925925926	1.752491104463892	30	Basal	False	False
NOISE142	0.0	2.909090909090909	1.444499943433743	30	Basal	False	False
LIPE	0.0	2.892857142857143	1.7070504280838235	30	Basal	False	False
NOISE056	0.0	2.875	1.541103500742244	30	Basal	False	False
DCN	0.0	2.8518518518518516	1.4859263804028813	30	Basal	False	False
NOISE072	0.0	2.8518518518518516	1.4598130466104662	30	Basal	False	False
NOISE096	0.0	2.8518518518518516	1.3785082155304336	30	Basal	False	False
NOISE059	0.0	2.8461538461538463	1.8042684432712932	30	Basal	False	False
NOISE090	0.0	2.8461538461538463	1.7593705167998626	30	Basal	False	False
TOP2A	0.0	2.8461538461538463	1.5412282813991625	30	Basal	False	False
NOISE147	0.0	2.8214285714285716	1.4156158567804522	30	Basal	False	False
NOISE146	0.0	2.8076923076923075	1.3570329625836144	30	Basal	False	False
NOISE154	0.0	2.8	1.9790570145063198	30	Basal	False	False
NOISE025	0.0	2.8	1.3844373104863459	30	Basal	False	False
NOISE068	0.0	2.8	1.224744871391589	30	Basal	False	False
NOISE080	0.0	2.7777777777777777	1.6012815380508714	30	Basal	False	False
NOISE037	0.0	2.7586206896551726	1.6616509091389695	30	Basal	False	False
ITGAM	0.0	2.75	1.838376900863811	30	Basal	False	False
NOISE095	0.0	2.740740740740741	1.4830476052474508	30	Basal	False	False
NOISE119	0.0	2.730769230769231	1.5889038311412635	30	Basal	False	False
NOISE038	0.0	2.72	1.8147543451754933	30	Basal	False	False
CD68	0.0	2.6785714285714284	1.3892063129334606	30	Basal	False	False
NOISE075	0.0	2.6538461538461537	1.6956959088777137	30	Basal	False	False
NOISE086	0.0	2.6296296296296298	1.547905486782509	30	Basal	False	False
LYZ	0.0	2.6153846153846154	1.4443523968041339	30	Basal	False	False
THY1	0.0	2.6	2.0	30	Basal	False	False
NOISE032	0.0	2.5833333333333335	1.442120017518492	30	Basal	False	False
BUB1	0.0	2.576923076923077	1.6290629680421056	30	Basal	False	False
PLIN1	0.0	2.5652173913043477	1.2367878835009272	30	Basal	False	False
NOISE079	0.0	2.56	1.1575836902790224	30	Basal	False	False
CCNE1	0.0	2.56	1.556705923844749	30	Basal	False	False
NOISE115	0.0	2.5384615384615383	1.5028178660308569	30	Basal	False	False
NOISE030	0.0	2.52	1.2622730819174326	30	Basal	False	False
NOISE023	0.0	2.5185185185185186	1.2206672314879636	30	Basal	False	False
NOISE047	0.0	2.5	1.5811388300841898	30	Basal	False	False
NOISE112	0.0	2.5	1.174734012447073	30	Basal	False	False
GZMB	0.0	2.5	1.2630273533214138	30	Basal	False	False
UBE2C	0.0	2.5	1.535298947157477	30	Basal	False	False
NOISE055	0.0	2.5	1.606237840420901	30	Basal	False	False
NOISE052	0.0	2.4814814814814814	1.4242506901841503	30	Basal	False	False
NOISE089	0.0	2.4642857142857144	1.4005856673692658	30	Basal	False	False
POSTN	0.0	2.4583333333333335	1.2503622663458176	30	Basal	False	False
NOISE026	0.0	2.4482758620689653	1.3518824678560455	30	Basal	False	False
PPARG	0.0	2.4444444444444446	1.577079416890439	30	Basal	True	False
MKI67	0.0	2.44	1.556705923844749	30	Basal	False	False
NOISE041	0.0	2.433333333333333	1.5465943304527225	30	Basal	False	False
NOISE104	0.0	2.4285714285714284	1.2478553029669976	30	Basal	False	False
NOISE069	0.0	2.4285714285714284	1.5498762538075104	30	Basal	False	False
TUSC5	0.0	2.4210526315789473	1.6771599497591227	30	Basal	False	False
NOISE028	0.0	2.409090909090909	1.2212051389271137	30	Basal	False	False
NOISE109	0.0	2.4074074074074074	1.575271875417536	30	Basal	False	False
CD3D	0.0	2.4	1.224744871391589	30	Basal	False	False
COL1A1	0.0	2.4	1.35400640077266	30	Basal	False	False
NOISE036	0.0	2.4	1.3917047478769187	30	Basal	False	False
NOISE061	0.0	2.391304347826087	1.4996705830639974	30	Basal	False	False
NOISE143	0.0	2.3703703703703702	1.547905486782509	30	Basal	False	False
NOISE135	0.0	2.36	1.2543258481484518	30	Basal	False	False
LEP	0.0	2.3461538461538463	1.3249092857190696	30	Basal	False	False
NOISE094	0.0	2.310344827586207	1.466371816906858	30	Basal	False	False
NOISE118	0.0	2.3076923076923075	1.2575923272422036	30	Basal	False	False
NOISE107	0.0	2.3	1.719853114903161	30	Basal	False	False
TYMS	0.0	2.2962962962962963	1.4091681893070769	30	Basal	False	False
NOISE084	0.0	2.2916666666666665	1.4884823513044847	30	Basal	False	False
NOISE155	0.0	2.2916666666666665	1.0417028979206269	30	Basal	False	False
AQP7	0.0	2.2916666666666665	1.4288690166235205	30	Basal	False	False
NOISE136	0.0	2.2857142857142856	1.4871584352852967	30	Basal	False	False
CD19	0.0	2.28	1.208304597359457	30	Basal	False	False
NOISE067	0.0	2.25	1.3269776053940743	30	Basal	False	False
CXCL9	0.0	2.24	0.9695359714832659	30	Basal	False	False
PLIN4	0.0	2.2222222222222223	1.5550886320704589	30	Basal	False	False
NOISE093	0.0	2.2222222222222223	1.6647047275914606	30	Basal	False	False
NOISE098	0.0	2.217391304347826	1.4446302370292305	30	Basal	False	False
CFD	0.0	2.217391304347826	1.166054799083818	30	Basal	False	False
AURKA	0.0	2.2	1.0052493799000692	30	Basal	False	False
RRM2	0.0	2.2	1.0	30	Basal	False	False
NOISE040	0.0	2.142857142857143	1.2363540870525032	30	Basal	False	False
NOISE121	0.0	2.125	1.226961606004318	30	Basal	False	False
NOISE010	0.0	2.1153846153846154	1.5576115838532552	30	Basal	False	False
NOISE114	0.0	2.1153846153846154	1.583083651028538	30	Basal	False	False
NOISE129	0.0	2.103448275862069	1.080503440405936	30	Basal	False	False
NOISE078	0.0	2.090909090909091	1.3059968245090436	30	Basal	False	False
NOISE042	0.0	2.090909090909091	1.2690112727590763	30	Basal	False	False
NOISE091	0.0	2.090909090909091	1.4111491740216524	30	Basal	False	False
NOISE073	0.0	2.0555555555555554	0.9983646759294875	30	Basal	False	False
CD8A	0.0	2.05	1.234376040972246	30	Basal	False	False
NOISE131	0.0	2.05	1.4317821063276353	30	Basal	False	False
NOISE012	0.0	2.0434782608695654	1.2605287804426009	30	Basal	False	False
NOISE151	0.0	2.0434782608695654	1.2605287804426009	30	Basal	False	False
NOISE144	0.0	2.0416666666666665	1.2328534123049195	30	Basal	False	False
PDGFRB	0.0	2.04	1.3063945294843617	30	Basal	False	False
NOISE027	0.0	2.04	1.3379088160259651	30	Basal	False	False
HLA-DRA	0.0	2.0	1.1832159566199232	30	Basal	False	False
NOISE082	0.0	2.0	1.2649110640673518	30	Basal	False	False
NOISE009	0.0	1.9565217391304348	0.877924249660694	30	Basal	False	False
NOISE153	0.0	1.9375	1.3889444433333777	30	Basal	False	False
NOISE134	0.0	1.9047619047619047	0.9952267030562387	30	Basal	False	False
NOISE008	0.0	1.9	1.1652874052533586	30	Basal	False	False
MCM2	0.0	1.9	1.3337718577107003	30	Basal	False	False
NOISE130	0.0	1.894736842105263	1.1002392084403618	30	Basal	False	False
NOISE006	0.0	1.8823529411764706	1.21872643265298	30	Basal	False	False
COL3A1	0.0	1.8421052631578947	1.11868761873192	30	Basal	False	False
NOISE046	0.0	1.8214285714285714	0.722832465019919	30	Basal	False	False
IL2RG	0.0	1.8076923076923077	1.0590271297461937	30	Basal	False	False
CIDEC	0.0	1.7777777777777777	0.9428090415820634	30	Basal	False	False
COL5A1	0.0	1.7619047619047619	0.8890872794479686	30	Basal	False	False
CD3E	0.0	1.76	0.8306623862918076	30	Basal	False	False
NOISE116	0.0	1.75	1.0699237552766379	30	Basal	False	False
NOISE064	0.0	1.7272727272727273	0.8827348295047496	30	Basal	False	False
NOISE044	0.0	1.7142857142857142	0.956182887467515	30	Basal	False	False
NOISE124	0.0	1.6666666666666667	0.7302967433402214	30	Basal	False	False
NOISE022	0.0	1.5909090909090908	0.9081163607574333	30	Basal	False	False
FN1	0.0	1.5833333333333333	0.7172815023567723	30	Basal	False	False
NOISE060	0.0	1.5555555555555556	0.7510676161988108	30	Basal	False	False
SPARC	0.0	1.434782608695652	0.5897678246195885	30	Basal	False	False
NOISE088	0.0	1.4	0.9102589898327995	30	Basal	False	False
MS4A1	0.0	1.3888888888888888	0.7775443160352294	30	Basal	False	False
