regulator	target	score_Basal	score_LumA	delta	abs_delta	null_mean_abs_delta	p_value	q_value	favours	regulator_is_tf
REW_T01	REW_DRIVER	0.14907115721234757	0.006680380013645335	0.14239077719870222	0.14239077719870222	0.010122967136895263	7.780284758422158e-05	0.04629269431261184	Basal	False
REW_T01	REW_T04	0.13450005934368603	0.006789530739677842	0.1277105286040082	0.1277105286040082	0.010122967136895263	7.780284758422158e-05	0.04629269431261184	Basal	False
REW_T01	REW_T03	0.13458676806895173	0.007817122822875595	0.12676964524607615	0.12676964524607615	0.010122967136895263	7.780284758422158e-05	0.04629269431261184	Basal	False
REW_DRIVER	REW_T01	0.13271214005589604	0.007080004931314781	0.12563213512458127	0.12563213512458127	0.010122967136895263	7.780284758422158e-05	0.04629269431261184	Basal	False
REW_T04	REW_DRIVER	0.11947950276040414	0.006758600348470275	0.11272090241193387	0.11272090241193387	0.010122967136895263	7.780284758422158e-05	0.04629269431261184	Basal	False
REW_T03	REW_T04	0.12177055200884894	0.010774035237838975	0.11099651677100997	0.11099651677100997	0.010122967136895263	7.780284758422158e-05	0.04629269431261184	Basal	False
REW_T05	REW_T04	0.11475004342439868	0.004136796552525081	0.1106132468718736	0.1106132468718736	0.010122967136895263	7.780284758422158e-05	0.04629269431261184	Basal	False
REW_T02	REW_T03	0.112661169113233	0.002776917429374758	0.10988425168385824	0.10988425168385824	0.010122967136895263	7.780284758422158e-05	0.04629269431261184	Basal	False
REW_T02	REW_DRIVER	0.11642275809938649	0.008890553458779732	0.10753220464060675	0.10753220464060675	0.010122967136895263	7.780284758422158e-05	0.04629269431261184	Basal	False
REW_T01	REW_T05	0.11533726855664983	0.008189487379899059	0.10714778117675078	0.10714778117675078	0.010122967136895263	7.780284758422158e-05	0.04629269431261184	Basal	False
REW_T05	REW_T01	0.11711906738815718	0.010115537074989725	0.10700353031316745	0.10700353031316745	0.010122967136895263	7.780284758422158e-05	0.04629269431261184	Basal	False
REW_DRIVER	REW_T02	0.10945394311542209	0.005300533614263752	0.10415340950115834	0.10415340950115834	0.010122967136895263	7.780284758422158e-05	0.04629269431261184	Basal	False
REW_T02	REW_T05	0.11865052653348131	0.014511918858631217	0.10413860767485009	0.10413860767485009	0.010122967136895263	7.780284758422158e-05	0.04629269431261184	Basal	False
REW_T05	REW_T03	0.10832802414873814	0.006304803247894966	0.10202322090084318	0.10202322090084318	0.010122967136895263	7.780284758422158e-05	0.04629269431261184	Basal	False
REW_T03	REW_T01	0.11000960431292695	0.009162824358875731	0.10084677995405121	0.10084677995405121	0.010122967136895263	7.780284758422158e-05	0.04629269431261184	Basal	False
REW_DRIVER	REW_T03	0.10945789490042504	0.008769331974907793	0.10068856292551724	0.10068856292551724	0.010122967136895263	7.780284758422158e-05	0.04629269431261184	Basal	False
REW_DRIVER	REW_T04	0.10243065432538767	0.0039252202657504166	0.09850543405963726	0.09850543405963726	0.010122967136895263	7.780284758422158e-05	0.04629269431261184	Basal	False
REW_T05	REW_T02	0.10846409268455297	0.011181529130938013	0.09728256355361495	0.09728256355361495	0.010122967136895263	7.780284758422158e-05	0.04629269431261184	Basal	False
REW_T04	REW_T05	0.10617195601876843	0.009143194222266683	0.09702876179650174	0.09702876179650174	0.010122967136895263	7.780284758422158e-05	0.04629269431261184	Basal	False
REW_T02	REW_T01	0.10217806108418637	0.008295781395447996	0.09388227968873837	0.09388227968873837	0.010122967136895263	7.780284758422158e-05	0.04629269431261184	Basal	False
REW_T03	REW_T05	0.09967915497740992	0.012564430136553976	0.08711472484085594	0.08711472484085594	0.010122967136895263	7.780284758422158e-05	0.04629269431261184	Basal	False
REW_T04	REW_T03	0.1006334833981319	0.013553480675682291	0.0870800027224496	0.0870800027224496	0.010122967136895263	7.780284758422158e-05	0.04629269431261184	Basal	False
REW_DRIVER	REW_T05	0.09441769239779017	0.007694607581449675	0.0867230848163405	0.0867230848163405	0.010122967136895263	7.780284758422158e-05	0.04629269431261184	Basal	False
REW_T05	REW_DRIVER	0.09006816523030342	0.006145463746227873	0.08392270148407555	0.08392270148407555	0.010122967136895263	7.780284758422158e-05	0.04629269431261184	Basal	False
