regulator	target	score_Basal	score_LumB	delta	abs_delta	null_mean_abs_delta	p_value	q_value	favours	regulator_is_tf
REW_T01	REW_DRIVER	0.14907115721234757	0.008672150339125726	0.14039900687322185	0.14039900687322185	0.01001644960317217	7.780284758422158e-05	0.04629269431261184	Basal	False
REW_T01	REW_T03	0.13458676806895173	0.002505878611326694	0.13208088945762503	0.13208088945762503	0.01001644960317217	7.780284758422158e-05	0.04629269431261184	Basal	False
REW_DRIVER	REW_T01	0.13271214005589604	0.0041235766414423605	0.12858856341445368	0.12858856341445368	0.01001644960317217	7.780284758422158e-05	0.04629269431261184	Basal	False
REW_T01	REW_T04	0.13450005934368603	0.011009643360830417	0.12349041598285561	0.12349041598285561	0.01001644960317217	7.780284758422158e-05	0.04629269431261184	Basal	False
REW_T04	REW_DRIVER	0.11947950276040414	0.0031457532414961424	0.116333749518908	0.116333749518908	0.01001644960317217	7.780284758422158e-05	0.04629269431261184	Basal	False
REW_T02	REW_T05	0.11865052653348131	0.007497662332612061	0.11115286420086924	0.11115286420086924	0.01001644960317217	7.780284758422158e-05	0.04629269431261184	Basal	False
REW_T01	REW_T05	0.11533726855664983	0.004485918786453521	0.11085134977019631	0.11085134977019631	0.01001644960317217	7.780284758422158e-05	0.04629269431261184	Basal	False
REW_T03	REW_T04	0.12177055200884894	0.011770328262759998	0.11000022374608895	0.11000022374608895	0.01001644960317217	7.780284758422158e-05	0.04629269431261184	Basal	False
REW_T05	REW_T01	0.11711906738815718	0.007867957200713663	0.10925111018744352	0.10925111018744352	0.01001644960317217	7.780284758422158e-05	0.04629269431261184	Basal	False
REW_T02	REW_DRIVER	0.11642275809938649	0.010303677279031661	0.10611908082035483	0.10611908082035483	0.01001644960317217	7.780284758422158e-05	0.04629269431261184	Basal	False
REW_T05	REW_T04	0.11475004342439868	0.00873242366894253	0.10601761975545615	0.10601761975545615	0.01001644960317217	7.780284758422158e-05	0.04629269431261184	Basal	False
REW_DRIVER	REW_T02	0.10945394311542209	0.004820963649503107	0.10463297946591898	0.10463297946591898	0.01001644960317217	7.780284758422158e-05	0.04629269431261184	Basal	False
REW_T05	REW_T03	0.10832802414873814	0.006090622470352658	0.10223740167838548	0.10223740167838548	0.01001644960317217	7.780284758422158e-05	0.04629269431261184	Basal	False
REW_T05	REW_T02	0.10846409268455297	0.006604758675789858	0.10185933400876311	0.10185933400876311	0.01001644960317217	7.780284758422158e-05	0.04629269431261184	Basal	False
REW_T03	REW_T01	0.11000960431292695	0.008391144000896585	0.10161846031203037	0.10161846031203037	0.01001644960317217	7.780284758422158e-05	0.04629269431261184	Basal	False
REW_DRIVER	REW_T04	0.10243065432538767	0.005891022201820103	0.09653963212356757	0.09653963212356757	0.01001644960317217	7.780284758422158e-05	0.04629269431261184	Basal	False
REW_DRIVER	REW_T03	0.10945789490042504	0.012941301386530027	0.09651659351389501	0.09651659351389501	0.01001644960317217	7.780284758422158e-05	0.04629269431261184	Basal	False
REW_T03	REW_T05	0.09967915497740992	0.0033099070722036102	0.09636924790520632	0.09636924790520632	0.01001644960317217	7.780284758422158e-05	0.04629269431261184	Basal	False
REW_T04	REW_T05	0.10617195601876843	0.011142828237884254	0.09502912778088418	0.09502912778088418	0.01001644960317217	7.780284758422158e-05	0.04629269431261184	Basal	False
REW_T02	REW_T01	0.10217806108418637	0.008135796735972376	0.09404226434821399	0.09404226434821399	0.01001644960317217	7.780284758422158e-05	0.04629269431261184	Basal	False
REW_T04	REW_T03	0.1006334833981319	0.010345350610668269	0.09028813278746363	0.09028813278746363	0.01001644960317217	7.780284758422158e-05	0.04629269431261184	Basal	False
REW_T01	REW_T02	0.09180465112306313	0.0045653657203800855	0.08723928540268304	0.08723928540268304	0.01001644960317217	7.780284758422158e-05	0.04629269431261184	Basal	False
REW_T02	REW_T03	0.112661169113233	0.026018754891902942	0.08664241422133005	0.08664241422133005	0.01001644960317217	7.780284758422158e-05	0.04629269431261184	Basal	False
REW_T04	REW_T02	0.08919499071653483	0.0029329964077157585	0.08626199430881908	0.08626199430881908	0.01001644960317217	7.780284758422158e-05	0.04629269431261184	Basal	False
