gene	mean_delta_out	mean_abs_delta_out	n_edges_out	mean_abs_delta_in	n_edges_in	rewiring_score	comparison	is_tf
REW_T01	0.12600468305638435	0.12600468305638435	4.0	0.10684118127013457	4.0	0.12600468305638435	Basal_vs_LumA	False
REW_T04	0.09894322231029506	0.09894322231029506	3.0	0.11195643157663225	4.0	0.11195643157663225	Basal_vs_LumA	False
REW_DRIVER	0.10314052528544693	0.10314052528544693	5.0	0.1116416464338296	4.0	0.1116416464338296	Basal_vs_LumA	False
REW_T03	0.0996526738553057	0.0996526738553057	3.0	0.10528913669574888	5.0	0.10528913669574888	Basal_vs_LumA	False
REW_T02	0.10385933592201337	0.10385933592201337	4.0	0.10071798652738664	2.0	0.10385933592201337	Basal_vs_LumA	False
REW_T05	0.10016905262471494	0.10016905262471494	5.0	0.09643059206105982	5.0	0.10016905262471494	Basal_vs_LumA	False
REW_DRIVER	0.10656944212945882	0.10656944212945882	4.0	0.12095061240416155	3.0	0.12095061240416155	Basal_vs_LumB	False
REW_T01	0.11881218949731638	0.11881218949731635	5.0	0.10837509956553538	4.0	0.11881218949731635	Basal_vs_LumB	False
REW_T04	0.09697825109901873	0.09697825109901873	4.0	0.10901197290199208	4.0	0.10901197290199208	Basal_vs_LumB	False
REW_T05	0.10484136640751207	0.10484136640751207	4.0	0.10335064741428902	4.0	0.10484136640751207	Basal_vs_LumB	False
REW_T03	0.1026626439877752	0.1026626439877752	3.0	0.10155308633173983	5.0	0.1026626439877752	Basal_vs_LumB	False
REW_T02	0.09948915589769203	0.09948915589769203	4.0	0.09499839829654606	4.0	0.09948915589769203	Basal_vs_LumB	False
MOD1_G02	0.005214105375706744	0.02779444392243892	4.0	0.045104085663554845	4.0	0.045104085663554845	LumA_vs_LumB	False
NOISE043	-0.04400643721358165	0.04400643721358165	1.0	0.023220773807537697	2.0	0.04400643721358165	LumA_vs_LumB	False
MOD1_G04	-0.03179050190576357	0.04027247944339793	3.0	0.03910133273849785	2.0	0.04027247944339793	LumA_vs_LumB	False
MOD1_G13	-0.0018736817309848715	0.017293897233535038	4.0	0.04012137967785367	3.0	0.04012137967785367	LumA_vs_LumB	False
MOD1_G01	-0.03050020423095179	0.030500204230951785	3.0	0.039559588162348544	2.0	0.039559588162348544	LumA_vs_LumB	False
MOD1_G18	-0.006752370759666589	0.038725525837926	5.0	0.03859696109764382	2.0	0.038725525837926	LumA_vs_LumB	False
MOD1_G17	-0.012701460587387822	0.03762227866112838	5.0	0.021425893757070484	2.0	0.03762227866112838	LumA_vs_LumB	False
MOD3_G04	-0.03733300526385456	0.03733300526385456	7.0	0.02400683252433265	4.0	0.03733300526385456	LumA_vs_LumB	False
MOD3_G11	-0.0011085457398561684	0.01364773713839605	2.0	0.03609432625068863	4.0	0.03609432625068863	LumA_vs_LumB	False
MOD1_G14	0.024939269692359788	0.03432286541427839	4.0	0.035837710624667535	4.0	0.035837710624667535	LumA_vs_LumB	False
MOD1_G05	-0.02269353343771736	0.026916441308842565	6.0	0.03574966149320004	2.0	0.03574966149320004	LumA_vs_LumB	False
MOD1_G10	-0.012979322142405523	0.023400923613512807	7.0	0.034659389119369895	2.0	0.034659389119369895	LumA_vs_LumB	False
MOD3_G03	0.018072528263265896	0.025757692798240604	7.0	0.03330283509947837	2.0	0.03330283509947837	LumA_vs_LumB	False
MOD3_G02	0.001662162542372528	0.016115511084095157	2.0	0.03212631662685171	2.0	0.03212631662685171	LumA_vs_LumB	False
MOD3_G16	-0.0030417242545777204	0.03138706969804189	3.0	0.03174813673253447	2.0	0.03174813673253447	LumA_vs_LumB	False
MOD1_G12	-0.0018247547748846474	0.01607261934978505	2.0	0.03083221756536424	5.0	0.03083221756536424	LumA_vs_LumB	False
MOD3_G12	-0.030068621526473785	0.030068621526473785	1.0	0.029603992879423377	2.0	0.030068621526473785	LumA_vs_LumB	False
MOD3_G13	-0.017848780571204446	0.02461548311844975	4.0	0.029396003218836363	4.0	0.029396003218836363	LumA_vs_LumB	False
MOD1_G06	-0.008111923706154461	0.020662089356735774	4.0	0.02699668284833574	4.0	0.02699668284833574	LumA_vs_LumB	False
NOISE024	-0.024489529097598942	0.024489529097598942	3.0	0.018493009552134027	5.0	0.024489529097598942	LumA_vs_LumB	False
NOISE017	-0.016263891167822196	0.016263891167822196	1.0	0.02411689378951465	4.0	0.02411689378951465	LumA_vs_LumB	False
NOISE027	-0.011296410596436818	0.02098490491952247	3.0	0.023772366434755738	4.0	0.023772366434755738	LumA_vs_LumB	False
MOD3_G01	0.0022453286823468747	0.019543031703027607	5.0	0.023225228049854465	4.0	0.023225228049854465	LumA_vs_LumB	False
MOD3_G08	-0.0007715049582977355	0.019035981047666146	7.0	0.022829840810213536	3.0	0.022829840810213536	LumA_vs_LumB	False
MOD3_G15	0.011684119491826033	0.017616796265661858	5.0	0.022543218274423914	4.0	0.022543218274423914	LumA_vs_LumB	False
NOISE140	0.008615521097214748	0.022286218978932768	2.0	0.015674569131288882	1.0	0.022286218978932768	LumA_vs_LumB	False
NOISE059	-0.011713896418065825	0.021410798964402556	3.0	0.02210053322619604	4.0	0.02210053322619604	LumA_vs_LumB	False
NOISE070	-0.006938891935239844	0.013943682115687278	4.0	0.02099438672234592	4.0	0.02099438672234592	LumA_vs_LumB	False
NOISE145	-0.007444189589783612	0.015382394779956642	3.0	0.02063303172037571	3.0	0.02063303172037571	LumA_vs_LumB	False
MOD3_G07	-0.0019195851916637358	0.020507224212943594	4.0	0.0	0.0	0.020507224212943594	LumA_vs_LumB	False
MOD3_G14	0.014257594099161441	0.014257594099161441	5.0	0.020160204128850702	2.0	0.020160204128850702	LumA_vs_LumB	False
NOISE085	-0.020008789081797474	0.02000878908179747	4.0	0.013761524962061955	3.0	0.02000878908179747	LumA_vs_LumB	False
NOISE117	-0.005782561257190112	0.019563422620698188	6.0	0.018148298018126587	5.0	0.019563422620698188	LumA_vs_LumB	False
MOD3_G09	0.0030655579130247166	0.018169454850209595	4.0	0.01951011014796433	4.0	0.01951011014796433	LumA_vs_LumB	False
MOD2_G11	-0.019493600572577464	0.019493600572577468	4.0	0.014060486509681912	4.0	0.019493600572577468	LumA_vs_LumB	False
NOISE019	-0.013023479928989778	0.0185659223005042	5.0	0.016929450670644542	6.0	0.0185659223005042	LumA_vs_LumB	False
REW_T03	0.004367822315037194	0.014670281398560461	3.0	0.018507577288478756	2.0	0.018507577288478756	LumA_vs_LumB	False
MOD2_G06	-0.008363569208122793	0.015330446383415386	4.0	0.018177113787076114	8.0	0.018177113787076114	LumA_vs_LumB	False
MOD2_G18	0.0180378914562738	0.0180378914562738	1.0	0.014559138309770734	2.0	0.0180378914562738	LumA_vs_LumB	False
NOISE139	-0.017977263677167815	0.017977263677167815	7.0	0.01630881774253709	5.0	0.017977263677167815	LumA_vs_LumB	False
MOD1_G09	-0.001197159040052605	0.017936557840729846	2.0	0.013480387264493856	1.0	0.017936557840729846	LumA_vs_LumB	False
NOISE015	0.0177127935168768	0.0177127935168768	3.0	0.01495037403882129	6.0	0.0177127935168768	LumA_vs_LumB	False
NOISE100	0.0052625813166241805	0.01757048687600951	5.0	0.016464525397893864	4.0	0.01757048687600951	LumA_vs_LumB	False
NOISE004	0.0037182354178928864	0.014095230378766997	4.0	0.017556118353238472	1.0	0.017556118353238472	LumA_vs_LumB	False
NOISE157	0.0069416736377903385	0.01560443517407197	4.0	0.01740071582942789	2.0	0.01740071582942789	LumA_vs_LumB	False
REW_T05	-0.007427274568284137	0.014748507254365644	4.0	0.017258249640386754	7.0	0.017258249640386754	LumA_vs_LumB	False
NOISE102	-0.01725807453581661	0.01725807453581661	1.0	0.013124655335689803	7.0	0.01725807453581661	LumA_vs_LumB	False
NOISE066	-0.005503329282229181	0.01443204420923158	7.0	0.0171709186494782	3.0	0.0171709186494782	LumA_vs_LumB	False
NOISE103	0.01708837123451009	0.01708837123451009	2.0	0.015510027440631643	2.0	0.01708837123451009	LumA_vs_LumB	False
NOISE054	-0.008995802295600817	0.017056395452958843	4.0	0.014259454176116178	5.0	0.017056395452958843	LumA_vs_LumB	False
NOISE045	-0.0010613419879255716	0.01704043451633357	2.0	0.014607376051433273	6.0	0.01704043451633357	LumA_vs_LumB	False
NOISE159	0.001651548065478542	0.015034785801840006	4.0	0.016925257049331007	3.0	0.016925257049331007	LumA_vs_LumB	False
REW_T01	-0.00045152555850632575	0.016905949357593868	3.0	0.014772934126319087	3.0	0.016905949357593868	LumA_vs_LumB	False
NOISE149	0.0067885241906506764	0.014684213377782288	3.0	0.016882234712437622	3.0	0.016882234712437622	LumA_vs_LumB	False
REW_T02	-0.01687606330404646	0.01687606330404646	3.0	0.01680998250486813	4.0	0.01687606330404646	LumA_vs_LumB	False
MOD2_G01	-0.007025094051418348	0.016854821693913426	4.0	0.015553724284615603	1.0	0.016854821693913426	LumA_vs_LumB	False
NOISE132	-0.012401861688914231	0.016190912847629146	8.0	0.01664899516620276	7.0	0.01664899516620276	LumA_vs_LumB	False
NOISE101	-0.010424770116293374	0.01663568746766716	4.0	0.014887822276700746	2.0	0.01663568746766716	LumA_vs_LumB	False
NOISE072	0.015711661587478172	0.015711661587478172	1.0	0.01662863071318629	3.0	0.01662863071318629	LumA_vs_LumB	False
MOD2_G12	-0.008898069647309052	0.016594299086591855	4.0	0.01503104969765429	1.0	0.016594299086591855	LumA_vs_LumB	False
NOISE048	-0.002338333519357433	0.016540598215457097	5.0	0.013953149761314839	4.0	0.016540598215457097	LumA_vs_LumB	False
NOISE053	0.007727410060856546	0.01650143122386702	4.0	0.014114646178910938	2.0	0.01650143122386702	LumA_vs_LumB	False
NOISE057	-0.016443917922301637	0.016443917922301637	2.0	0.015622220080565455	5.0	0.016443917922301637	LumA_vs_LumB	False
MOD2_G00	0.0031942602847726907	0.016422898760628413	2.0	0.0	0.0	0.016422898760628413	LumA_vs_LumB	False
NOISE111	-0.0002639827431419557	0.0163942911571677	5.0	0.013115428716480023	2.0	0.0163942911571677	LumA_vs_LumB	False
NOISE122	0.00236794150737821	0.014372669166340567	5.0	0.016297208230246735	4.0	0.016297208230246735	LumA_vs_LumB	False
MOD2_G13	0.01433743597390652	0.01433743597390652	3.0	0.016263891167822196	1.0	0.016263891167822196	LumA_vs_LumB	False
MOD2_G07	0.0	0.0	0.0	0.016253950275235945	4.0	0.016253950275235945	LumA_vs_LumB	False
NOISE152	0.002474141717272147	0.0134737498188226	5.0	0.016176045091974144	7.0	0.016176045091974144	LumA_vs_LumB	False
NOISE011	-0.005449161797402963	0.014231534280490213	7.0	0.015978599930749033	4.0	0.015978599930749033	LumA_vs_LumB	False
NOISE050	-0.015918242113106863	0.015918242113106863	2.0	0.013966453498595197	1.0	0.015918242113106863	LumA_vs_LumB	False
NOISE113	-0.0022555810422087417	0.015870499508419112	3.0	0.014434008737745654	3.0	0.015870499508419112	LumA_vs_LumB	False
NOISE000	-0.014078583761791616	0.014078583761791616	2.0	0.015848932941531706	4.0	0.015848932941531706	LumA_vs_LumB	False
MOD2_G14	-0.013529729974456686	0.013529729974456686	1.0	0.015838237763438043	4.0	0.015838237763438043	LumA_vs_LumB	False
NOISE148	-0.01389510764959789	0.01389510764959789	4.0	0.015813893572498298	2.0	0.015813893572498298	LumA_vs_LumB	False
NOISE049	0.0016317439389296994	0.015689536349730446	4.0	0.013302676510901643	4.0	0.015689536349730446	LumA_vs_LumB	False
NOISE033	0.0026873920819314714	0.015298206313093931	5.0	0.015668322230529753	4.0	0.015668322230529753	LumA_vs_LumB	False
MOD2_G15	-0.006092553450443354	0.013878484256947167	3.0	0.015641359836767923	4.0	0.015641359836767923	LumA_vs_LumB	False
REW_DRIVER	0.004605810907479862	0.015615289078606051	3.0	0.014301807506914375	4.0	0.015615289078606051	LumA_vs_LumB	False
NOISE147	0.007115693384345173	0.015561623142417696	4.0	0.013618437063305705	4.0	0.015561623142417696	LumA_vs_LumB	False
NOISE099	0.0006052798429133349	0.013516459985093597	2.0	0.01549535118454192	2.0	0.01549535118454192	LumA_vs_LumB	False
NOISE021	-0.002186912986256153	0.013927020554800837	5.0	0.015369638793501842	2.0	0.015369638793501842	LumA_vs_LumB	False
NOISE063	0.0003115687553259458	0.013988967188371773	2.0	0.015309808391219287	4.0	0.015309808391219287	LumA_vs_LumB	False
NOISE126	-0.006897635229744632	0.015296843626154348	3.0	0.013531614903510571	3.0	0.015296843626154348	LumA_vs_LumB	False
NOISE105	-0.015238262090280001	0.015238262090280001	1.0	0.015237375151901133	5.0	0.015238262090280001	LumA_vs_LumB	False
MOD2_G03	-0.0015777712480656769	0.01519913855612392	4.0	0.015029306929331887	8.0	0.01519913855612392	LumA_vs_LumB	False
NOISE137	0.01514606718287184	0.01514606718287184	3.0	0.013964320441975682	4.0	0.01514606718287184	LumA_vs_LumB	False
NOISE127	-0.0005134554501851282	0.015144848136053211	4.0	0.013687177134381154	3.0	0.015144848136053211	LumA_vs_LumB	False
NOISE031	-0.015100362591808246	0.015100362591808246	2.0	0.012877101428476156	1.0	0.015100362591808246	LumA_vs_LumB	False
NOISE108	0.015068495843295593	0.015068495843295593	3.0	0.01333917414651846	3.0	0.015068495843295593	LumA_vs_LumB	False
MOD2_G05	0.0	0.0	0.0	0.015060653927773887	6.0	0.015060653927773887	LumA_vs_LumB	False
NOISE005	0.0027707462459021243	0.015045554679977669	5.0	0.014672033655969577	7.0	0.015045554679977669	LumA_vs_LumB	False
NOISE002	-0.0002557557798460036	0.013520105483039266	2.0	0.014964209799177593	7.0	0.014964209799177593	LumA_vs_LumB	False
NOISE075	0.007569437106990163	0.014806480670682333	4.0	0.014959807926061313	4.0	0.014959807926061313	LumA_vs_LumB	False
NOISE029	-0.014840035810967947	0.014840035810967945	3.0	0.013223511211808509	1.0	0.014840035810967945	LumA_vs_LumB	False
MOD2_G04	0.008979958800561755	0.014644038911241377	5.0	0.014774977964580252	2.0	0.014774977964580252	LumA_vs_LumB	False
NOISE081	-0.0029854961935885365	0.013696940075690478	5.0	0.01476143561150339	2.0	0.01476143561150339	LumA_vs_LumB	False
NOISE041	0.012659460188747114	0.012659460188747114	1.0	0.014750755780792475	3.0	0.014750755780792475	LumA_vs_LumB	False
MOD2_G19	0.014727331938013573	0.014727331938013573	3.0	0.01281907133665982	2.0	0.014727331938013573	LumA_vs_LumB	False
NOISE083	0.00026344827219766404	0.013623003100106158	2.0	0.014695038738588588	2.0	0.014695038738588588	LumA_vs_LumB	False
NOISE077	0.0008798929967646467	0.014671146938306599	2.0	0.013474738412677144	2.0	0.014671146938306599	LumA_vs_LumB	False
NOISE135	0.004640558118787737	0.013369271483808828	3.0	0.014652882026287012	5.0	0.014652882026287012	LumA_vs_LumB	False
MOD2_G17	-0.012830073257075034	0.012830073257075034	2.0	0.014645012105853868	6.0	0.014645012105853868	LumA_vs_LumB	False
NOISE150	-0.0003762260367223876	0.01389620676891458	2.0	0.014566157365164705	2.0	0.014566157365164705	LumA_vs_LumB	False
MOD2_G09	-0.013073240832827421	0.013073240832827421	1.0	0.01456476052815688	4.0	0.01456476052815688	LumA_vs_LumB	False
REW_T04	-0.0009539611515415507	0.014050420285276491	2.0	0.014549904599949995	2.0	0.014549904599949995	LumA_vs_LumB	False
MOD2_G16	-0.008200872228066838	0.013925905195551936	4.0	0.01451272888470973	6.0	0.01451272888470973	LumA_vs_LumB	False
NOISE125	-0.002823679639171066	0.014234802646084073	2.0	0.014495956836047184	5.0	0.014495956836047184	LumA_vs_LumB	False
MOD2_G02	0.0007364966968130679	0.01449048011298417	2.0	0.013582739152173583	2.0	0.01449048011298417	LumA_vs_LumB	False
NOISE151	-0.0012896477136499218	0.01288976536532991	2.0	0.014471342643550983	3.0	0.014471342643550983	LumA_vs_LumB	False
NOISE133	0.0	0.0	0.0	0.014435368091454468	3.0	0.014435368091454468	LumA_vs_LumB	False
NOISE058	0.004394814794042578	0.012559301233718262	3.0	0.014219923924792703	4.0	0.014219923924792703	LumA_vs_LumB	False
NOISE120	0.0014194912696966584	0.014159208245011358	2.0	0.013598783564037032	1.0	0.014159208245011358	LumA_vs_LumB	False
NOISE110	0.00015221338300941932	0.013325146155694126	2.0	0.014110401695815747	3.0	0.014110401695815747	LumA_vs_LumB	False
MOD2_G10	0.0008118318897030619	0.013107971206911638	2.0	0.013783861328727868	3.0	0.013783861328727868	LumA_vs_LumB	False
NOISE129	0.005016379082032918	0.013734888664968437	4.0	0.013367405137371953	4.0	0.013734888664968437	LumA_vs_LumB	False
NOISE014	-0.0007628015691635267	0.013256871833377669	2.0	0.013585764927228893	3.0	0.013585764927228893	LumA_vs_LumB	False
NOISE138	0.00039427011200215923	0.013478895977766699	4.0	0.012783045085673912	1.0	0.013478895977766699	LumA_vs_LumB	False
MOD2_G08	0.0001984964612577961	0.012792151905800925	2.0	0.013073240832827421	1.0	0.013073240832827421	LumA_vs_LumB	False
