	adipocyte	stromal	immune	proliferation
TCGA-XX-0000-01	-0.23666695236186977	-0.34649073961340415	-0.3859952171986296	-0.383198922722999
TCGA-XX-0001-01	-0.33170297946952304	-0.648571370057853	-0.36217040890162194	-0.4139991083910919
TCGA-XX-0002-01	0.1778073476359693	0.13197835962718896	0.3618452199280949	0.21506253759065966
TCGA-XX-0003-01	0.6550617318461139	0.4664044855682552	0.46625432916449816	0.36743148317555147
TCGA-XX-0004-01	-0.5354774054599144	-0.578617455376399	-0.7447050924981694	-0.6391678883052806
TCGA-XX-0005-01	-1.054778377447897	-1.0706311494671188	-1.0941590205953875	-1.0501004919629795
TCGA-XX-0006-01	-1.2456798256840125	-1.1684773902147831	-1.191726225718503	-1.2294922440089169
TCGA-XX-0007-01	-0.21953901655642535	-0.3749287896391536	-0.12497308276355919	-0.4096688303021408
TCGA-XX-0008-01	-0.17568803119054416	-0.0560951541972226	-0.16654012870085783	-0.14368569958610855
TCGA-XX-0009-01	0.1864880959106062	0.012236841378550186	0.13742369090944034	-0.1766314497205463
TCGA-XX-0010-01	0.17412091896384832	0.09568796337313823	0.2029707667712562	0.2869888072183823
TCGA-XX-0011-01	1.2713560005611022	1.2759394407668976	1.2021005055065728	1.3511292738431537
TCGA-XX-0012-01	0.07318917368182924	-0.14439302044395505	0.09001935620667555	0.06992357833906344
TCGA-XX-0013-01	-0.7611608593527422	-0.406018941413066	-0.57654158916755	-0.6354151447768693
TCGA-XX-0014-01	1.2532173589781923	1.3444111442843674	1.1829900574954082	1.2214886731936658
TCGA-XX-0015-01	-0.15042536642237142	-0.20901426283549546	-0.13539577865191546	-0.23792723824343373
TCGA-XX-0016-01	-0.5671258445948555	-0.20116259962133567	-0.40820097383677195	-0.4872102822200826
TCGA-XX-0017-01	0.107080647207186	0.2865831775788165	0.23092174569258309	0.29006369373309704
TCGA-XX-0018-01	0.2508509948204829	-0.03714157157127914	0.2396572865729794	0.15308011810982666
TCGA-XX-0019-01	0.7270474419850833	0.8487623259032482	0.8659900901695877	0.9772386929651824
TCGA-XX-0020-01	-0.7105323171998484	-0.7976076214361899	-0.7509497923831017	-0.8106225243512718
TCGA-XX-0021-01	-0.19903122370666138	-0.18363139411800736	-0.11192505596206584	-0.1126927786700511
TCGA-XX-0022-01	-0.5041139374937136	-0.4661534691161013	-0.3841345943249957	-0.5666638826895066
TCGA-XX-0023-01	1.190123575376759	1.3515924157078765	1.3124922150917377	1.1922648439895769
TCGA-XX-0024-01	0.06469038198801154	0.06746463356046362	0.05839654309695016	0.26912719647604505
TCGA-XX-0025-01	-1.323975286218962	-1.277656064820952	-1.3675646792325895	-1.3166496841991406
TCGA-XX-0026-01	-0.802243009710302	-0.5664738598400325	-0.8487743623831826	-0.42824684922682504
TCGA-XX-0027-01	1.2931024956041004	1.320584198495069	1.2730701001556735	1.2041133029763202
TCGA-XX-0028-01	1.165310684362708	1.274548496318904	1.1719890807294189	1.477820317380938
TCGA-XX-0029-01	-0.09827253399014942	-0.01734636314178864	0.04550173369018273	0.11971169062309595
TCGA-XX-0030-01	0.4615676578492092	0.5325506604424934	0.5309261500274051	0.43449716115455955
TCGA-XX-0031-01	0.3561190712947281	0.3446822538138882	0.2360042299195728	0.1395044158590318
TCGA-XX-0032-01	-0.33418664012621385	-0.44185448452646986	-0.49840204959193113	-0.3965339702385499
TCGA-XX-0033-01	0.8918907936086097	0.8157030125365721	0.727716708620318	0.8945270939621887
TCGA-XX-0034-01	-0.129015852755368	-0.0008314355931720982	-0.23802469460593137	-0.1719246135742628
TCGA-XX-0035-01	-1.6622641876357365	-1.4775690044034488	-1.3196895683819991	-1.5115436772106046
TCGA-XX-0036-01	-1.5384671300976844	-1.4929378675227893	-1.7116592937230983	-1.6290804507703893
TCGA-XX-0037-01	-1.0518779929489301	-1.0049535639721936	-1.1243978210326269	-1.043956322064607
TCGA-XX-0038-01	-0.27453505705694264	-0.13622746909560485	-0.2190793852574014	-0.0796519366417084
TCGA-XX-0039-01	0.17531758682951465	0.1705481407446323	0.11427832219468463	0.09224735387996379
TCGA-XX-0040-01	-0.1950912336636263	-0.02079034042318234	-0.12923513464109973	-0.05705543479427777
TCGA-XX-0041-01	0.7491739956963837	0.8700015240411778	0.8599326097388934	0.8110588033501779
TCGA-XX-0042-01	-0.5228705364695647	-0.29604826602166673	-0.3713596004163034	-0.1578924842057894
TCGA-XX-0043-01	1.2239737144996294	0.9409471254427151	1.0233089131839523	0.969500993484425
TCGA-XX-0044-01	1.0558889628347492	1.2487957491506865	1.0715941451257598	1.0826937121400422
TCGA-XX-0045-01	-0.8655833164155519	-0.7195702333355127	-0.5933265100393778	-0.7174837079234724
TCGA-XX-0046-01	-0.675319788218532	-0.8338948292283731	-0.861331077675698	-0.6741345397814826
TCGA-XX-0047-01	1.499796624603237	1.2679678905220275	1.258135566839276	1.3767404017202927
TCGA-XX-0048-01	2.431738494602512	2.4176831240995154	2.5308826300855256	2.2093977674636514
TCGA-XX-0049-01	-0.25237074040936675	-0.3657664130343881	-0.6399002565128951	-0.39743353616765836
TCGA-XX-0050-01	0.015767571812112913	-0.2986038894927689	-0.0011324804259403853	-0.20188133046577894
TCGA-XX-0051-01	-1.1424736892214848	-1.2306013018795976	-1.2696127730937952	-1.1717838312414803
TCGA-XX-0052-01	0.00933466921479008	-0.29741655705128484	0.16332792161909498	-0.05708730179586454
TCGA-XX-0053-01	0.3790163340753008	0.45076177564677383	0.6084841206277111	0.39578512019857864
TCGA-XX-0054-01	1.014169312343317	0.9688059077625418	0.8657883087220138	0.9738447398446115
TCGA-XX-0055-01	1.3594996582468237	1.199247932725111	1.6387239818030517	1.4946719083420692
TCGA-XX-0056-01	-0.3554890159806035	-0.13606888333088682	0.0031259752706446525	-0.28400483065869103
TCGA-XX-0057-01	0.2782522124038102	0.11855180900206048	0.43817493080235403	0.31475318375729094
TCGA-XX-0058-01	-0.8117175499945899	-0.9115817578361762	-0.8240068556549284	-0.9027427654656094
TCGA-XX-0059-01	-0.25872137739516704	-0.3223776612504112	-0.22346763558535868	-0.4142205527732794
TCGA-XX-0060-01	0.7652431487143856	1.1502766942732676	0.9231638679017464	0.8857679386872915
TCGA-XX-0061-01	-0.3263995763639789	-0.5593075027117348	-0.33483955925113706	-0.14993257123487758
TCGA-XX-0062-01	-0.6623982180243616	-0.7226317782241642	-0.4042253439723496	-0.6438362024936851
TCGA-XX-0063-01	0.40977549747563724	0.5718746279890449	0.4448768808293287	0.23445796291455812
TCGA-XX-0064-01	-1.5844140077741735	-1.4739035644417215	-1.4094834189200858	-1.4881226895096846
TCGA-XX-0065-01	0.47099506987847495	0.3424305626282519	0.5226392779477338	0.41933666890309634
TCGA-XX-0066-01	-0.35346509335913734	-0.5827723778411343	-0.5876602812998689	-0.44626378404470907
TCGA-XX-0067-01	0.820415009781083	0.8462962469578919	0.9069954496752496	0.9083333041286562
TCGA-XX-0068-01	-0.7662743434912278	-0.7320812056322888	-0.7565426979719773	-0.8522154032459177
TCGA-XX-0069-01	-1.27969744725579	-1.502862347526497	-1.4334308708265282	-1.5630194127222057
TCGA-XX-0070-01	-0.5310772536954461	-0.6392175150627027	-0.9566433949481306	-0.6134723015889255
TCGA-XX-0071-01	0.12155297384653428	-0.30940722381232194	-0.3184027772895678	-0.15335388954407658
TCGA-XX-0072-01	0.8686745445414975	0.7649854843212672	0.9380622225980382	1.042645001642372
TCGA-XX-0073-01	-2.147374423863288	-2.266408149981701	-1.9833567493832749	-2.064660624013795
TCGA-XX-0074-01	0.5956110679607762	0.6765813164097263	0.6080468300680797	0.7501416047985452
TCGA-XX-0075-01	1.682136747409007	1.6880748885146517	1.3419707392780433	1.6655249943775212
TCGA-XX-0076-01	-1.1078597143059237	-1.120836210257197	-1.1861128477594722	-1.139873294196494
TCGA-XX-0077-01	-1.1734596202656538	-0.9915332874139215	-0.9959152355418806	-1.116086972482891
TCGA-XX-0078-01	-0.3183344995036728	-0.5905193350854849	-0.29789714289685126	-0.3046740282607479
TCGA-XX-0079-01	1.161550082798989	1.0222992939472526	0.855701139300747	1.149094147194842
TCGA-XX-0080-01	0.3409262660134621	-0.014229451395673245	0.12394443611790411	0.3892700613673911
TCGA-XX-0081-01	0.3909630380144535	0.3673914341128958	0.5269499301276613	0.3370609999195928
TCGA-XX-0082-01	0.19142237723396668	0.031202032544319108	0.3120207541083012	0.3503916094932018
TCGA-XX-0083-01	0.2959175295782518	0.2806740127381318	0.4044193868722265	0.610890509404879
TCGA-XX-0084-01	0.07698049477188516	-0.008844418538616113	0.03729283509064539	0.04148539429557021
TCGA-XX-0085-01	-0.013620483802955585	-0.15732996863988882	-0.27679066141154735	-0.27512440151204093
TCGA-XX-0086-01	-0.9612959114617696	-0.9821856778128716	-0.9163206686247632	-0.5925459547059312
TCGA-XX-0087-01	0.3029495423349732	0.6580179364688885	0.36998164705421066	0.44499747630425296
TCGA-XX-0088-01	0.9287342132329395	1.2054532495350994	1.2171861828290047	1.3443251403445278
TCGA-XX-0089-01	-0.6169166952399557	-0.5934963698874899	-0.7207943546247204	-0.7757310952533718
TCGA-XX-0090-01	-0.24836029086673705	0.034056177190235085	-0.17775907286365206	-0.20023042265196908
TCGA-XX-0091-01	0.020794565971521756	-0.028442884408581122	0.04797044157273991	0.2741740940833453
TCGA-XX-0092-01	-1.612742664309263	-1.6064234440151373	-1.6395577013644622	-1.513264568332897
TCGA-XX-0093-01	-0.5998255910968141	-0.5904836385496571	-0.5237878037467083	-0.5752695215802867
TCGA-XX-0094-01	-1.6717413293997936	-1.4627652141902132	-1.5623327551680872	-1.7451741524121713
TCGA-XX-0095-01	-2.6093043581356845	-2.6083800432024256	-2.492545202468155	-2.475396936196782
TCGA-XX-0096-01	-0.7404072850320932	-0.7889208097090925	-0.742978153997706	-0.663005147299267
TCGA-XX-0097-01	0.3822194857653646	0.46917590263835846	0.596995470501053	0.4280973740227831
TCGA-XX-0098-01	-0.7083927207243421	-0.9034904135494716	-0.9463415647813971	-0.8601610519617756
TCGA-XX-0099-01	-0.008530967199116333	-0.14267556301900083	0.05843949031567992	0.09332053748584379
TCGA-XX-0100-01	-2.4178663529817586	-2.1697751756970587	-2.224501601104993	-2.491470895438799
TCGA-XX-0101-01	-0.1570196592678665	-0.09843860555621695	-0.2750024387122506	-0.27957795110578676
TCGA-XX-0102-01	0.00288850107428799	-0.18472226426167043	0.08255962259644924	0.10807938252182984
TCGA-XX-0103-01	-1.7962926458239927	-1.600687105889121	-1.8742978255421927	-1.4168346259141773
TCGA-XX-0104-01	0.9531200846086804	0.969968822918741	1.0296762505209363	1.0422055007715485
TCGA-XX-0105-01	-0.24360078475973782	-0.22336092878608674	-0.34086034849177066	-0.39503845350896816
TCGA-XX-0106-01	-1.3014417698545657	-1.4063267877189027	-1.5001738930319708	-1.2960202468565243
TCGA-XX-0107-01	0.05941798328984883	0.07300411436194708	0.05556290860163101	-0.12533710651387278
TCGA-XX-0108-01	-1.1995104749045247	-1.1857694428250973	-1.107605813724944	-1.105169352312238
TCGA-XX-0109-01	-1.9918577000434134	-1.891160704553289	-1.8136750122678256	-2.071907449389403
TCGA-XX-0110-01	0.6636461564396813	0.5016254836583702	0.5131903366258455	0.4396063232561372
TCGA-XX-0111-01	0.06721610861979414	0.19192014452689948	0.17752734856809305	0.035404292380588745
TCGA-XX-0112-01	-0.7422879588315033	-0.8643443667703793	-0.9978414436216702	-0.9491013029450387
TCGA-XX-0113-01	-0.10653053489801333	-0.09987681899096353	-0.15708972266568993	-0.110482593674942
TCGA-XX-0114-01	-1.2704786898230431	-1.105822153242764	-1.32871598617971	-1.2825604173518708
TCGA-XX-0115-01	1.0085398114760356	0.981090131329425	0.8859398878834639	0.9757660945936945
TCGA-XX-0116-01	1.7499787216246223	1.7806583235968898	1.878480774197956	1.7524334279071407
TCGA-XX-0117-01	-0.5415513066603649	-0.45966176915070023	-0.5788644010659488	-0.4256380310828298
TCGA-XX-0118-01	1.797601824257264	1.7020284798653065	1.587543775372634	1.9633604801533158
TCGA-XX-0119-01	-0.02188406788664249	-0.15486605696206932	-0.004489426719284516	-0.05324768669000948
TCGA-XX-0120-01	1.1672608307825583	1.2078961693054442	1.1919610209698632	1.0588040106845265
TCGA-XX-0121-01	0.7766187884077935	0.5415125911196016	0.5717164735983407	0.45033801750939967
TCGA-XX-0122-01	0.51451518303439	0.8600450518226176	0.7363686062282078	0.677233170146757
TCGA-XX-0123-01	-0.39996001707774653	-0.32506079059091075	-0.19194721301961307	-0.2641748362266761
TCGA-XX-0124-01	0.2752964718473327	0.4021913972027584	0.3290156190482862	0.5198054704039677
TCGA-XX-0125-01	-0.2708843411299594	-0.32259049257555356	-0.27312545370405455	-0.2303280472751037
TCGA-XX-0126-01	-0.15628289055266587	-0.02897096623756018	0.0726300152519952	-0.014067526922024252
TCGA-XX-0127-01	-0.24236129830121242	-0.19911720179842057	-0.24180035580507483	-0.13398029630640454
TCGA-XX-0128-01	0.03948242600794485	0.013177881736371532	-0.038851083538944495	0.024505353964660834
TCGA-XX-0129-01	-0.6226454280914366	-0.6387610469598785	-0.5846446762310971	-0.7497236806812998
TCGA-XX-0130-01	0.8573737405483346	1.0167986699813658	0.804474623942338	0.7748081045942926
TCGA-XX-0131-01	-0.7255066591109232	-0.6069100674258888	-0.7253609709044702	-0.5605829612940688
TCGA-XX-0132-01	-1.3911301028841334	-1.496943717805164	-1.2651265143286652	-1.2437522082226173
TCGA-XX-0133-01	0.1295820499462909	0.01718648238137042	-0.08697093331786697	-0.05193314105881053
TCGA-XX-0134-01	-0.4241039653051752	-0.5020428069395279	-0.5738652835238015	-0.34974227759540577
TCGA-XX-0135-01	-1.686845157455661	-1.6156472362942202	-1.6817619054415125	-1.5224291967728396
TCGA-XX-0136-01	1.3263565987908275	1.3904539621027543	1.526112327777385	1.4379167041170335
TCGA-XX-0137-01	-1.2851040581781152	-1.5255492657534222	-1.3091844091109242	-1.5649770065705157
TCGA-XX-0138-01	0.6009020368218574	0.6474879593152506	0.49209810684966415	0.8238889438877351
TCGA-XX-0139-01	1.605083957371796	1.4223398100933609	1.606092422273471	1.5271987122150323
TCGA-XX-0140-01	0.20092624045948998	0.05694589120892052	0.15009069812995746	0.18913177642807497
TCGA-XX-0141-01	0.17294418836212613	0.03323958798947333	0.18742804281999717	0.1490303073812503
TCGA-XX-0142-01	-0.8262481106836461	-0.8801400577055569	-0.7069804333321724	-0.8791430980228329
TCGA-XX-0143-01	-0.1976970026684636	-0.16918564962261456	-0.1731940923278483	-0.0036738522315176666
TCGA-XX-0144-01	-1.5526470435443247	-1.678476219597497	-1.621434781007826	-1.522224210078532
TCGA-XX-0145-01	2.7392603918143883	2.752737449451359	2.86552608653272	2.7646420112800105
TCGA-XX-0146-01	1.0679948796598069	1.0361950857894253	1.1030464698541458	1.0983731812112894
TCGA-XX-0147-01	0.026648605352547476	0.0689143351267825	-0.051038435486985764	0.14200085654145542
TCGA-XX-0148-01	0.8950300402220324	1.112889672060375	0.9838636348967228	0.9501034758615287
TCGA-XX-0149-01	-0.2782852245749299	-0.00586686919582559	-0.20985395768614376	-0.24532932271724542
TCGA-XX-0150-01	-0.7324652018045414	-0.81373332873547	-0.9248297667091139	-0.639033765330914
TCGA-XX-0151-01	-0.019619033552476257	-0.1114678077944405	-0.16295852225556298	0.13843305092697375
TCGA-XX-0152-01	-0.340719527221987	-0.2833971684520277	-0.20722324070589762	-0.15224003115699547
TCGA-XX-0153-01	0.8833039167524951	0.8631678636197634	0.7365847145372121	0.5202027135164187
TCGA-XX-0154-01	-0.28267713474638173	-0.3027185871073167	-0.33327226110770003	-0.2529354746474111
TCGA-XX-0155-01	-1.609860894506785	-1.5435484152263779	-1.5174356781757363	-1.571936237079739
TCGA-XX-0156-01	1.1114835560700027	1.001240660690865	0.9684143941916503	0.8712938786360657
TCGA-XX-0157-01	0.1345408053285281	0.1445280798146408	0.019623565469100636	0.1591311864794729
TCGA-XX-0158-01	-0.45724595245086974	-0.34147673955861685	-0.3539256067412718	-0.5811190735807596
TCGA-XX-0159-01	0.22130039128362525	0.5330008106270693	0.45776478667019393	0.3401227652768634
TCGA-XX-0160-01	-1.4643074616468863	-1.2878696042740974	-1.5676705762191787	-1.4480605081146927
TCGA-XX-0161-01	0.48627908338989145	0.6790764871125731	0.5661447447666956	0.6626205803572874
TCGA-XX-0162-01	-0.06103952016326047	0.24338557038647995	0.2950518072396065	0.10555592452971989
TCGA-XX-0163-01	-0.8944054521974186	-0.8975785775988593	-1.0078242795862062	-0.8478350004066991
TCGA-XX-0164-01	-1.786730458410005	-1.7040399152397294	-1.796739573563423	-1.684811010671173
TCGA-XX-0165-01	1.4458812992924428	1.3511969760836968	1.104619252101126	1.1729637238265653
TCGA-XX-0166-01	-0.26682428589899326	0.06507791744984752	-0.04114196799605656	-0.15898273696379128
TCGA-XX-0167-01	-0.6211216792539248	-0.7977913486956686	-0.6544264215420191	-0.6318966267659242
TCGA-XX-0168-01	-0.7799274667181584	-0.8216604770915138	-0.850435331009807	-0.7378359393545404
TCGA-XX-0169-01	0.4253005263527076	0.20781404682570834	0.031648781111956806	0.4506525125516491
TCGA-XX-0170-01	-1.1137929020404154	-1.016830862237653	-0.9223268085828767	-0.8223596388421562
TCGA-XX-0171-01	0.8450354220125933	0.8024172609058594	0.7356672400203121	0.6799501368756627
TCGA-XX-0172-01	-1.051227090199565	-1.092882650573258	-1.1103124693519395	-1.0973300514568887
TCGA-XX-0173-01	1.2905406052804318	1.288535331409532	1.173262822383855	1.1488045809522534
TCGA-XX-0174-01	-3.015803874465977	-2.8222615053185764	-2.847457639166712	-2.9497465944202705
TCGA-XX-0175-01	-0.21432787018520286	-0.26933613029147596	0.09082811945614548	-0.08561404409642615
TCGA-XX-0176-01	0.671804176903226	0.6293429818900638	0.7350016757698455	0.7137644322176594
TCGA-XX-0177-01	-0.28285854551689116	-0.4835885697354355	-0.6604101980986279	-0.45593361012768896
TCGA-XX-0178-01	0.025331227053722472	0.2984563266640795	0.24793211610240373	0.34199636895099167
TCGA-XX-0179-01	-0.06574072948444586	-0.2261520486481186	-0.15312100493261535	-0.4262386640600326
TCGA-XX-0180-01	0.6907186000304029	0.666900019650706	0.6293677914056898	0.5151757339160304
TCGA-XX-0181-01	1.0905040077993207	1.0236778566940565	1.042735599178439	0.9412059681563107
TCGA-XX-0182-01	-0.7106145660680961	-1.068430025895449	-0.7471995772557618	-0.6894044163576769
TCGA-XX-0183-01	0.7692489591548706	0.3491005560878771	0.7265356125989134	0.7273848273791912
TCGA-XX-0184-01	-0.14476192123446155	-0.15880287389777273	-0.1687045343844137	-0.2322680960325323
TCGA-XX-0185-01	0.9236813435982981	0.9211209174487224	0.9487137621466891	0.9057316079570313
TCGA-XX-0186-01	1.098050619466586	1.2017454603676414	1.211698543423266	1.1334367585978913
TCGA-XX-0187-01	-1.9240443274019083	-2.072971235679971	-2.1833184438578876	-2.181144307818033
TCGA-XX-0188-01	0.9453710521911916	0.8274407432346518	1.0260728353115884	0.8844140670302744
TCGA-XX-0189-01	0.3912592258145485	0.45822545437956147	0.46386568706907283	0.4201118792607439
TCGA-XX-0190-01	0.048154880671990585	0.23631220504719813	0.15186045283471167	-0.06280577398189678
TCGA-XX-0191-01	-0.17481866640574412	-0.18957588401392342	-0.18731471714381387	0.003911888631036249
TCGA-XX-0192-01	1.2110563476133034	0.9443652894654198	0.9792401510074548	0.7787351460030209
TCGA-XX-0193-01	-1.617021302723075	-1.4988699963178749	-1.32869479880109	-1.394739881122069
TCGA-XX-0194-01	0.8663631639326036	1.076087379566141	0.999878818975917	1.1722711013376328
TCGA-XX-0195-01	1.2334740469993541	0.9684796111693608	1.2539506859230638	0.9406675384830184
TCGA-XX-0196-01	-0.13748725656535823	-0.006381854570492689	-0.10759704755818032	-0.003977816713588318
TCGA-XX-0197-01	0.803715323240741	0.7880966837885605	0.906945311958448	1.0323657969039988
TCGA-XX-0198-01	0.5308650756267059	0.40278426725056443	0.31940856127714584	0.3084344712241555
TCGA-XX-0199-01	0.049577606981054685	0.07692337153166763	-0.012629960891461381	-0.09983998970395398
TCGA-XX-0200-01	-1.1156866079907768	-1.2378017866419804	-1.256584165081574	-1.1888467283446866
TCGA-XX-0201-01	-0.3936561710031161	-0.5098102197648197	-0.7088717713821062	-0.6527846055723935
TCGA-XX-0202-01	1.639734984761015	1.4896586518746304	1.4385477864228353	1.4204492232488368
TCGA-XX-0203-01	1.3819705615972488	1.3908158286328316	1.432219870019633	1.3662324237031207
TCGA-XX-0204-01	0.6879349377935503	0.6252282001902574	0.6249606261070013	0.5329474068620352
TCGA-XX-0205-01	0.6477684325762325	0.5520906138020855	0.5648569793139548	0.5896278775972158
TCGA-XX-0206-01	0.8919521566044991	1.0113952321409496	0.8984019093000178	0.6517448154033721
TCGA-XX-0207-01	1.057745089023821	1.1011715272719989	1.2314310534639932	1.0730070490170485
TCGA-XX-0208-01	-0.8617447002619224	-0.9006156615148003	-1.139930536858745	-1.0436233209562407
TCGA-XX-0209-01	-1.150279662414195	-1.08949725211834	-1.2538693842944113	-1.3315706137622332
TCGA-XX-0210-01	0.8954271416970491	0.7872623329635383	0.8162680802993	0.9891296796116299
TCGA-XX-0211-01	0.8868337163231572	0.9275258973914503	0.9228375199707182	0.8863596551918077
TCGA-XX-0212-01	-0.9440844699322641	-1.0292361364296565	-0.8937127358563105	-0.7092387760291033
TCGA-XX-0213-01	-0.013120952094829743	-0.13687333234866594	-0.03498625807869035	0.15163413684106206
TCGA-XX-0214-01	1.078002728358554	1.1225787502103017	0.9630080899880157	1.147657569850179
TCGA-XX-0215-01	2.2529533297247957	2.2008898711793963	2.1091696657448646	2.119896559611891
TCGA-XX-0216-01	1.507267746041301	1.5433173847349384	1.4240853212674678	1.45060731633328
TCGA-XX-0217-01	-0.5332903717389506	-0.45355825835531177	-0.31701466765999964	-0.5859091267615157
TCGA-XX-0218-01	0.8467235783396522	0.9306707297795064	0.7616968441270157	0.76954497699499
TCGA-XX-0219-01	-0.1628452071934059	-0.15461082196456524	-0.11304535805246621	0.01256985212724789
TCGA-XX-0220-01	1.1313979498713498	1.1061790922999186	1.0623984970927987	1.1842263887905913
TCGA-XX-0221-01	1.2134363776160833	1.371543697743144	1.1641019809880155	1.15999803404743
TCGA-XX-0222-01	0.22552270152428194	0.09976659233251627	0.17780737521586398	0.4308392358999314
TCGA-XX-0223-01	0.5484149870885455	0.35788681737195444	0.36579170782571485	0.43254234989694146
TCGA-XX-0224-01	-0.6413032996798369	-0.6330883835975272	-0.8117457703654616	-0.6386845182263807
TCGA-XX-0225-01	0.6309957752049337	0.4779377559070091	0.39046733172498393	0.48566771947567866
TCGA-XX-0226-01	-1.3279830181067318	-1.232621161020132	-1.3355436556868274	-1.3292837444729482
TCGA-XX-0227-01	-0.425418633084509	-0.5478349767078527	-0.527110325034757	-0.569980598766532
TCGA-XX-0228-01	1.6962823814496328	1.7303475329914875	1.7658558829676478	1.8215523361003172
TCGA-XX-0229-01	0.43665084219959976	0.6207396692638442	0.44822531780713487	0.38798350441099533
TCGA-XX-0230-01	-0.909403876945255	-1.0130258149893523	-1.1969404660293768	-0.9817097969994726
TCGA-XX-0231-01	-1.4400884525870965	-1.3025413910770618	-1.1825458032384184	-1.3061920962211582
TCGA-XX-0232-01	1.874395526047872	2.0207448105307826	2.1127153255016937	2.052452224385911
TCGA-XX-0233-01	0.5391760420135023	0.582073124779552	0.5133983444689402	0.2722178470425362
TCGA-XX-0234-01	-0.06755877800362349	-0.08057375956581203	0.015533223511665176	-0.009964367032525364
TCGA-XX-0235-01	1.252129706332448	1.0388346898710341	1.571718633551745	1.322296516740198
TCGA-XX-0236-01	-0.6200362598625386	-0.5527448073412682	-0.5359122486821652	-0.40490034151119403
TCGA-XX-0237-01	-1.0764672070060415	-1.0870136482117174	-1.0850464471003725	-1.0137784936669594
TCGA-XX-0238-01	-0.03129280836341712	0.050854207173980745	0.10794970788732823	0.02635041624623621
TCGA-XX-0239-01	-1.4224641444242823	-1.428583554946805	-1.2264355050997546	-1.387662686849412
TCGA-XX-0240-01	-0.4403959950229644	-0.28597917441556914	-0.2940063736688812	-0.17621494804862578
TCGA-XX-0241-01	0.8311448561478116	1.0037986021724683	0.8360811564595005	0.9899791183682867
TCGA-XX-0242-01	-0.6120236420164377	-0.5164291448152684	-0.575267508940673	-0.5586767527179212
TCGA-XX-0243-01	0.7494373852263981	0.5462527034428265	0.6622453758185266	0.649537760679259
TCGA-XX-0244-01	-0.15230259890890024	0.15854913699728715	0.019593622965094225	-0.15900875843380474
TCGA-XX-0245-01	0.6210783131446979	0.3323649011804245	0.5653621556184328	0.358490071454538
TCGA-XX-0246-01	-0.8457705770461669	-1.1649049106592742	-0.8377822386541902	-1.1275273939852395
TCGA-XX-0247-01	0.29816475133251547	0.3374361459235183	0.3565869832611028	0.3811653320997199
TCGA-XX-0248-01	-1.5151608045073302	-1.4218901192702096	-1.5885746078497942	-1.5637123050790211
TCGA-XX-0249-01	0.1683807447625094	0.41323220515780446	0.31551453734019674	0.6271390894941885
TCGA-XX-0250-01	-0.49277396137006624	-0.5867534828010834	-0.4716381329540327	-0.4059463018350189
TCGA-XX-0251-01	-0.18056282662789755	-0.17623732785619278	-0.07650386853530845	-0.1376340810967748
TCGA-XX-0252-01	0.2459648222612611	-0.13416299188038106	0.25708265968090105	0.10186098904717979
TCGA-XX-0253-01	-0.8724014261364056	-0.7746098344218385	-0.743131010799004	-0.9027305712873281
TCGA-XX-0254-01	-1.8728251449179443	-1.6380055720650175	-1.5668794082395439	-1.739990284318256
TCGA-XX-0255-01	0.2561790697410539	0.2887082168215226	0.43336392986542477	0.29629731482246835
TCGA-XX-0256-01	1.2336170544303025	1.1241989252305105	1.1127968199677938	1.3061358496229991
TCGA-XX-0257-01	0.28458516376722154	0.14108571029243605	0.3014154664794901	0.2567903756786722
TCGA-XX-0258-01	-0.8773050204468678	-0.6491541785759826	-0.8144504273999174	-0.9075220292447184
TCGA-XX-0259-01	0.5991991441710106	0.5720876353423571	0.5128804305429695	0.5214723906209177
TCGA-XX-0260-01	0.7034319603494362	0.6199268692639378	0.37154965799659384	0.4281359256397242
TCGA-XX-0261-01	0.9569583889960401	1.066427659735817	1.0243728801231635	1.0236644517727143
TCGA-XX-0262-01	-0.2099356237897422	-0.13372766535517341	-0.2538430821413519	-0.3520247705235297
TCGA-XX-0263-01	0.3382565394477356	0.1818724162960877	0.22117296178052412	0.19695819088262131
TCGA-XX-0264-01	-1.097383224588423	-1.236481811112384	-1.1758711747462784	-1.0751980715737373
TCGA-XX-0265-01	-0.03502890384389665	0.10942616078036035	-0.05939053763083346	-0.07325722598909039
TCGA-XX-0266-01	0.9666158319016077	1.0623099245073049	1.0834767373506833	0.9654827034123666
TCGA-XX-0267-01	0.1375559475519502	0.046829070565698745	0.016734940838533833	0.08414715379838132
TCGA-XX-0268-01	0.9513991872247088	1.1045720575531959	0.9294086358138872	1.0654364717225075
TCGA-XX-0269-01	-0.4569819757341369	-0.6473092450689061	-0.7284822421054297	-0.6225896654531308
TCGA-XX-0270-01	0.27662175315663157	0.3873180017071048	0.5545578733880334	0.2723836929254412
TCGA-XX-0271-01	0.7332808303858103	0.8387549490844916	0.5166403032255972	0.837781309426522
TCGA-XX-0272-01	0.9978079271328417	0.8773328582803334	0.8929407411601467	1.2162101711586528
TCGA-XX-0273-01	-0.5339336575809804	-0.7780168823735224	-0.6791873296340395	-0.6994866972139855
TCGA-XX-0274-01	-1.2357498598927303	-1.3874281658595504	-1.32576930687037	-1.4470064703662044
TCGA-XX-0275-01	0.4440920085033624	0.6368283587001365	0.407458922193238	0.6677536990466404
TCGA-XX-0276-01	-0.2659079558844693	-0.1478516602703602	-0.1938508724848266	-0.24004989924141873
TCGA-XX-0277-01	1.1091994078755112	1.038583958357386	1.1503583015160748	0.7618254249364579
TCGA-XX-0278-01	-1.1096732841482264	-1.0091280442425503	-0.9950195004361557	-1.2587622699369305
TCGA-XX-0279-01	-0.8940874496994161	-0.7479360542284503	-0.9500533657539056	-1.090762861959823
TCGA-XX-0280-01	-0.08494163576163981	0.25861359052272637	0.09580519478241079	0.012306447608603268
TCGA-XX-0281-01	0.7499966822490667	0.704193087139784	0.9198884587888785	0.7950698381655275
TCGA-XX-0282-01	-0.13301850588610278	-0.08212897747411442	-0.07613594745409871	-0.18441618687681927
TCGA-XX-0283-01	0.31769931145348174	0.1321150305584324	0.2747647021008774	0.2510203643952394
TCGA-XX-0284-01	-0.08139603011666703	-0.22300033089460825	-0.2902045489020598	-0.34470026557174904
TCGA-XX-0285-01	0.9863631351439466	1.1457560854310764	1.232262131834536	1.4777639419107167
TCGA-XX-0286-01	-0.6325510829258515	-0.7215907364074056	-0.6674939554541002	-0.7551255116877377
TCGA-XX-0287-01	0.260224872593478	0.3172855670041846	0.1946057296822181	0.4215205418552737
TCGA-XX-0288-01	0.1013394642607998	0.08343633283934157	-0.14884733817548565	-0.12489208182631462
TCGA-XX-0289-01	-0.070756110790265	-0.06609216159700514	-0.14196588278954117	-0.07178915413308427
TCGA-XX-0290-01	-1.0825136764472651	-0.8334643531472599	-0.8946933982490451	-0.9656263734967064
TCGA-XX-0291-01	-1.1372005573153399	-1.0987663663170868	-0.9017232644133115	-0.8347460673081124
TCGA-XX-0292-01	0.5821943748412685	0.45023688879480134	0.6286713872745755	0.3987957262515056
TCGA-XX-0293-01	0.654639086937981	0.6876559790925159	0.7363682660628775	0.7217860625652893
TCGA-XX-0294-01	-1.907231451581134	-2.029416026604401	-1.953354685553305	-1.9105508550446808
TCGA-XX-0295-01	0.5546926460259438	0.7405468692983409	0.7275786365096962	0.8255931104950092
TCGA-XX-0296-01	-0.1587330231917938	-0.11899475318747402	0.014482562932861431	-0.15985880167540742
TCGA-XX-0297-01	0.2994108541323333	0.09075554121137211	0.27174290300662873	0.1596563517778444
TCGA-XX-0298-01	1.7669473766302153	1.7226993701506907	1.7099343314380555	1.9372547406303129
TCGA-XX-0299-01	-0.366213114468718	-0.637521241243242	-0.3968325829155547	-0.33398436657369207
TCGA-XX-0300-01	0.27151746167377216	0.23626305696523633	0.20282848394848849	0.192672578203029
TCGA-XX-0301-01	-0.7087031343914578	-0.8374541152392307	-0.8586857493307213	-0.729580901321639
TCGA-XX-0302-01	0.25994083635381676	0.28958979826250836	0.03684699561616949	0.34176460094716127
TCGA-XX-0303-01	0.11622361422129325	-0.0265148168326396	-0.0007211932231026682	0.10748403342009744
TCGA-XX-0304-01	0.40621359026656706	0.47667311614462493	0.4974803125601023	0.5816050501475734
TCGA-XX-0305-01	0.40165810819807024	0.5967272744112712	0.3948758491778111	0.3073515369086463
TCGA-XX-0306-01	1.6571738956273607	1.5804167120649724	1.7395302572087932	1.4271844601604675
TCGA-XX-0307-01	0.38282545110018756	0.8080955015815231	0.5694861099581318	0.6048910718349279
TCGA-XX-0308-01	-0.1963728131529204	-0.24615837030669271	-0.34818781560286577	-0.4344443294167763
TCGA-XX-0309-01	-0.17637107422508302	-0.047078159743027634	-0.227019886776847	-0.3194022802995656
TCGA-XX-0310-01	-0.7352843029427667	-0.5428343671440203	-0.71836776102113	-0.7881161791181118
TCGA-XX-0311-01	-0.2745682972723194	-0.2507181680227973	-0.11918390332090419	0.07925504293442166
TCGA-XX-0312-01	-1.5079518361669753	-1.4391796606892482	-1.3983387418104967	-1.4913498778097882
TCGA-XX-0313-01	-0.9859566494481339	-0.9867226430666627	-0.859816313678053	-0.8638024701478254
TCGA-XX-0314-01	-1.4038433918714583	-1.2385802769948184	-1.6341620577981895	-1.3391130040141714
TCGA-XX-0315-01	0.37611577079141806	0.6387118398141857	0.3474633912763269	0.35949421278962346
TCGA-XX-0316-01	-1.7704093559361271	-1.8350358521927765	-1.733689511410004	-1.9297772692868238
TCGA-XX-0317-01	0.33972505550733817	0.39820089919427787	0.48865247987402777	0.5370049059834198
TCGA-XX-0318-01	-1.0868764826691255	-1.1151814813589465	-1.0190467152669294	-1.1281555771626441
TCGA-XX-0319-01	-0.11371044688633623	-0.14855026073830604	-0.08586800488410137	-0.07182624045464263
TCGA-XX-0320-01	0.9260195709661672	1.1141802371715115	0.965361898445991	1.0039610547362898
TCGA-XX-0321-01	-1.0361328043470464	-1.1914195347810776	-0.992360979075369	-0.9949964487880786
TCGA-XX-0322-01	1.5100159996879028	1.106396453262197	1.4779702417458764	1.2938766551625964
TCGA-XX-0323-01	0.18336110112542797	0.19887572742568782	0.10286969503321639	0.08247829862507036
TCGA-XX-0324-01	0.04569237693097211	-0.17282822153275165	-0.24941206834162227	-0.194820020276268
TCGA-XX-0325-01	1.6883341107324665	1.520979934229168	1.3533182900304703	1.4911562607523121
TCGA-XX-0326-01	0.7785750023850483	0.8656185724825852	0.7816181856044591	0.7254459141299946
TCGA-XX-0327-01	0.08078613695721883	0.10512772741287442	0.1538031964417361	0.12893574513248476
TCGA-XX-0328-01	-0.18007084112629523	-0.03299078308074205	-0.06260788810543148	-0.18864858630620965
TCGA-XX-0329-01	-0.5317884218199701	-0.3802027883634662	-0.49037274163393235	-0.4111153409936845
TCGA-XX-0330-01	0.3784384648893007	0.604998505584488	0.4059476731708455	0.348961194485637
TCGA-XX-0331-01	0.12117427704575555	0.3232954314946421	0.29201669964160476	0.33646195166434906
TCGA-XX-0332-01	-0.21765361081070936	-0.3954928921621778	-0.42485032610109474	-0.35235599756162
TCGA-XX-0333-01	0.6843722578063411	0.49754241075425204	0.54121717150646	0.8488561928427804
TCGA-XX-0334-01	0.30003199202511505	0.16700314084540985	0.2511016632329624	0.4066217533599394
TCGA-XX-0335-01	0.8198989464392541	0.5929064949994034	0.8055965058964034	0.8771404029432698
TCGA-XX-0336-01	-0.10310095661649435	0.030993691785368687	-0.10853382555999547	-0.13737136739732478
TCGA-XX-0337-01	1.039203648483911	1.2006893566430572	1.157454810453149	1.0728201581771204
TCGA-XX-0338-01	1.5474852188661747	1.4613905328296486	1.56658388567243	1.4162067570768808
TCGA-XX-0339-01	0.6880161730305211	0.7309813653974063	0.889619864673186	0.5969678825089636
TCGA-XX-0340-01	0.3463276405375191	0.4696310775736775	0.28853846755816553	0.14717351617531757
TCGA-XX-0341-01	0.10842168850035812	0.24457547989715886	-0.08667899296322888	0.10487029089783041
TCGA-XX-0342-01	0.10099576902254105	0.2858237296238767	0.5131166020297319	0.2480082080158272
TCGA-XX-0343-01	-1.5955841583411345	-1.6480608009336404	-1.5615182840102546	-1.5046106796863576
TCGA-XX-0344-01	0.5139545351894717	0.3599611450871313	0.3554258305485972	0.5348095729262057
TCGA-XX-0345-01	-1.2893554946724042	-1.2963653096405916	-1.3486852261502822	-1.3561950505129452
TCGA-XX-0346-01	0.4083380264010768	0.4366932189087139	0.5396188146715069	0.29721204070909296
TCGA-XX-0347-01	1.5027855382087638	1.47132442031112	1.4772725746268556	1.4277668570556987
TCGA-XX-0348-01	0.6354585887156478	0.7632486826396777	0.675585464572276	0.6534789447534215
TCGA-XX-0349-01	-1.2053005499502394	-1.1549352265835964	-1.2230670512623651	-1.2293725006046592
TCGA-XX-0350-01	-1.4326667503145878	-1.6906893508172876	-1.4223553875516155	-1.4325031676364748
TCGA-XX-0351-01	-0.2835479580732808	-0.1889129974922592	-0.20387182037218585	-0.4129719148431808
TCGA-XX-0352-01	0.28378614502024646	0.3015647159939971	0.14833444241454266	0.08908963683966158
TCGA-XX-0353-01	-0.501494234540995	-0.4531543025011731	-0.48479186283224934	-0.6264447919588308
TCGA-XX-0354-01	0.2764081521152129	0.3226215380288767	0.13504889359301914	0.3631624469413626
TCGA-XX-0355-01	-0.06448101984150627	0.2963990848315486	0.2746379009707479	0.07919796430230074
TCGA-XX-0356-01	-0.2562226331548268	-0.4052092773657529	-0.38937337738408173	-0.3003634106637714
TCGA-XX-0357-01	1.9341390411891901	1.9221230102118698	2.0059771095724934	1.8983775395617652
TCGA-XX-0358-01	-0.04972957138461294	0.08933653100091098	0.059675644441048045	-0.16875470846868537
TCGA-XX-0359-01	0.025464650074434637	-0.10032652759177821	0.07071443036622883	-0.034901636367875945
