sampleID	subtype	age	stage	er	pr	her2	OS	OS.time	DSS	DSS.time	DFI	DFI.time	PFI	PFI.time
TCGA-XX-0000-01	LumA	84	I	Negative	Positive	Positive	1	593.0	1	593.0	1	593.0	1	593.0
TCGA-XX-0001-01	LumA	41	II	Negative	Negative	Positive	1	170.0	1	170.0	1	170.0	1	170.0
TCGA-XX-0002-01	LumA	41	III	Negative	Positive	Positive	1	1202.0	1	1202.0	1	1202.0	1	1202.0
TCGA-XX-0003-01	LumA	62	II	Negative	Negative	Positive	0	87.0	0	87.0	0	87.0	0	87.0
TCGA-XX-0004-01	LumA	63	I	Positive	Negative	Positive	0	470.0	0	470.0	0	470.0	0	470.0
TCGA-XX-0005-01	LumA	58	II	Positive	Negative	Negative	0	1196.0	0	1196.0	0	1196.0	0	1196.0
TCGA-XX-0006-01	LumA	49	III	Positive	Positive	Negative	0	154.0	0	154.0	0	154.0	0	154.0
TCGA-XX-0007-01	LumA	59	II	Positive	Negative	Negative	0	932.0	0	932.0	0	932.0	0	932.0
TCGA-XX-0008-01	LumA	50	III	Negative	Positive	Negative	1	94.0	1	94.0	1	94.0	1	94.0
TCGA-XX-0009-01	LumA	66	III	Negative	Negative	Positive	0	1338.0	0	1338.0	0	1338.0	0	1338.0
TCGA-XX-0010-01	LumA	40	I	Positive	Positive	Positive	1	541.0	1	541.0	1	541.0	1	541.0
TCGA-XX-0011-01	LumA	66	III	Negative	Negative	Negative	1	1732.0	1	1732.0	1	1732.0	1	1732.0
TCGA-XX-0012-01	LumA	70	II	Negative	Negative	Positive	1	47.0	1	47.0	1	47.0	1	47.0
TCGA-XX-0013-01	LumA	41	III	Negative	Negative	Positive	0	625.0	0	625.0	0	625.0	0	625.0
TCGA-XX-0014-01	LumA	35	II	Positive	Negative	Negative	1	695.0	1	695.0	1	695.0	1	695.0
TCGA-XX-0015-01	LumA	41	III	Negative	Positive	Negative	1	239.0	1	239.0	1	239.0	1	239.0
TCGA-XX-0016-01	LumA	40	III	Negative	Positive	Positive	1	723.0	1	723.0	1	723.0	1	723.0
TCGA-XX-0017-01	LumA	83	II	Negative	Positive	Negative	1	1052.0	1	1052.0	1	1052.0	1	1052.0
TCGA-XX-0018-01	LumA	54	I	Negative	Positive	Positive	1	2606.0	1	2606.0	1	2606.0	1	2606.0
TCGA-XX-0019-01	LumA	72	II	Negative	Negative	Positive	1	187.0	1	187.0	1	187.0	1	187.0
TCGA-XX-0020-01	LumA	50	III	Negative	Positive	Negative	1	1137.0	1	1137.0	1	1137.0	1	1137.0
TCGA-XX-0021-01	LumA	45	I	Negative	Negative	Positive	0	1649.0	0	1649.0	0	1649.0	0	1649.0
TCGA-XX-0022-01	LumA	55	II	Positive	Positive	Negative	1	585.0	1	585.0	1	585.0	1	585.0
TCGA-XX-0023-01	LumA	83	I	Negative	Negative	Negative	0	2119.0	0	2119.0	0	2119.0	0	2119.0
TCGA-XX-0024-01	LumA	84	I	Negative	Negative	Positive	0	3115.0	0	3115.0	0	3115.0	0	3115.0
TCGA-XX-0025-01	LumA	41	III	Negative	Positive	Negative	0	723.0	0	723.0	0	723.0	0	723.0
TCGA-XX-0026-01	LumA	59	III	Positive	Positive	Negative	0	572.0	0	572.0	0	572.0	0	572.0
TCGA-XX-0027-01	LumA	79	I	Negative	Positive	Negative	1	2302.0	1	2302.0	1	2302.0	1	2302.0
TCGA-XX-0028-01	LumA	52	I	Positive	Negative	Negative	1	1615.0	1	1615.0	1	1615.0	1	1615.0
TCGA-XX-0029-01	LumA	58	I	Negative	Positive	Negative	1	971.0	1	971.0	1	971.0	1	971.0
TCGA-XX-0030-01	LumA	40	III	Negative	Positive	Negative	1	241.0	1	241.0	1	241.0	1	241.0
TCGA-XX-0031-01	LumA	81	II	Positive	Negative	Positive	1	1910.0	1	1910.0	1	1910.0	1	1910.0
TCGA-XX-0032-01	LumA	61	III	Positive	Negative	Positive	1	348.0	1	348.0	1	348.0	1	348.0
TCGA-XX-0033-01	LumA	36	III	Negative	Negative	Positive	0	1023.0	0	1023.0	0	1023.0	0	1023.0
TCGA-XX-0034-01	LumA	82	I	Positive	Positive	Positive	0	219.0	0	219.0	0	219.0	0	219.0
TCGA-XX-0035-01	LumA	72	III	Positive	Positive	Positive	0	577.0	0	577.0	0	577.0	0	577.0
TCGA-XX-0036-01	LumA	41	II	Negative	Negative	Positive	1	2333.0	1	2333.0	1	2333.0	1	2333.0
TCGA-XX-0037-01	LumA	42	II	Negative	Negative	Negative	1	491.0	1	491.0	1	491.0	1	491.0
TCGA-XX-0038-01	LumA	52	III	Negative	Positive	Negative	1	2752.0	1	2752.0	1	2752.0	1	2752.0
TCGA-XX-0039-01	LumA	41	I	Negative	Negative	Negative	0	64.0	0	64.0	0	64.0	0	64.0
TCGA-XX-0040-01	LumA	44	III	Positive	Negative	Positive	0	267.0	0	267.0	0	267.0	0	267.0
TCGA-XX-0041-01	LumA	77	III	Positive	Positive	Negative	1	418.0	1	418.0	1	418.0	1	418.0
TCGA-XX-0042-01	LumA	71	II	Positive	Positive	Positive	0	874.0	0	874.0	0	874.0	0	874.0
TCGA-XX-0043-01	LumA	73	III	Positive	Positive	Negative	0	1090.0	0	1090.0	0	1090.0	0	1090.0
TCGA-XX-0044-01	LumA	60	II	Positive	Positive	Negative	1	241.0	1	241.0	1	241.0	1	241.0
TCGA-XX-0045-01	LumA	60	II	Negative	Negative	Negative	0	5356.0	0	5356.0	0	5356.0	0	5356.0
TCGA-XX-0046-01	LumA	51	II	Negative	Positive	Positive	1	810.0	1	810.0	1	810.0	1	810.0
TCGA-XX-0047-01	LumA	41	I	Negative	Positive	Negative	0	175.0	0	175.0	0	175.0	0	175.0
TCGA-XX-0048-01	LumA	67	I	Negative	Positive	Negative	1	1250.0	1	1250.0	1	1250.0	1	1250.0
TCGA-XX-0049-01	LumA	49	II	Negative	Positive	Positive	1	623.0	1	623.0	1	623.0	1	623.0
TCGA-XX-0050-01	LumA	69	II	Negative	Positive	Positive	1	181.0	1	181.0	1	181.0	1	181.0
TCGA-XX-0051-01	LumA	83	II	Positive	Positive	Negative	0	233.0	0	233.0	0	233.0	0	233.0
TCGA-XX-0052-01	LumA	43	III	Positive	Negative	Negative	1	29.0	1	29.0	1	29.0	1	29.0
TCGA-XX-0053-01	LumA	67	III	Positive	Positive	Positive	0	657.0	0	657.0	0	657.0	0	657.0
TCGA-XX-0054-01	LumA	43	III	Positive	Positive	Negative	0	179.0	0	179.0	0	179.0	0	179.0
TCGA-XX-0055-01	LumA	33	II	Negative	Negative	Positive	0	743.0	0	743.0	0	743.0	0	743.0
TCGA-XX-0056-01	LumA	34	II	Positive	Positive	Negative	1	467.0	1	467.0	1	467.0	1	467.0
TCGA-XX-0057-01	LumA	78	I	Negative	Positive	Negative	0	773.0	0	773.0	0	773.0	0	773.0
TCGA-XX-0058-01	LumA	73	II	Negative	Positive	Negative	1	396.0	1	396.0	1	396.0	1	396.0
TCGA-XX-0059-01	LumA	41	I	Negative	Negative	Negative	1	846.0	1	846.0	1	846.0	1	846.0
TCGA-XX-0060-01	LumA	67	I	Positive	Positive	Negative	0	69.0	0	69.0	0	69.0	0	69.0
TCGA-XX-0061-01	LumA	36	II	Negative	Positive	Positive	1	2227.0	1	2227.0	1	2227.0	1	2227.0
TCGA-XX-0062-01	LumA	44	I	Negative	Negative	Negative	1	506.0	1	506.0	1	506.0	1	506.0
TCGA-XX-0063-01	LumA	46	II	Negative	Positive	Positive	0	1919.0	0	1919.0	0	1919.0	0	1919.0
TCGA-XX-0064-01	LumA	73	II	Positive	Negative	Positive	1	271.0	1	271.0	1	271.0	1	271.0
TCGA-XX-0065-01	LumA	40	III	Positive	Positive	Positive	1	89.0	1	89.0	1	89.0	1	89.0
TCGA-XX-0066-01	LumA	40	III	Positive	Positive	Positive	1	210.0	1	210.0	1	210.0	1	210.0
TCGA-XX-0067-01	LumA	79	I	Positive	Positive	Positive	1	468.0	1	468.0	1	468.0	1	468.0
TCGA-XX-0068-01	LumA	57	II	Negative	Negative	Negative	0	275.0	0	275.0	0	275.0	0	275.0
TCGA-XX-0069-01	LumA	64	II	Negative	Positive	Positive	0	1036.0	0	1036.0	0	1036.0	0	1036.0
TCGA-XX-0070-01	LumA	67	III	Negative	Positive	Negative	1	180.0	1	180.0	1	180.0	1	180.0
TCGA-XX-0071-01	LumA	63	II	Positive	Negative	Positive	1	45.0	1	45.0	1	45.0	1	45.0
TCGA-XX-0072-01	LumA	81	I	Negative	Positive	Negative	0	96.0	0	96.0	0	96.0	0	96.0
TCGA-XX-0073-01	LumA	60	III	Positive	Negative	Negative	1	436.0	1	436.0	1	436.0	1	436.0
TCGA-XX-0074-01	LumA	34	I	Positive	Positive	Positive	1	94.0	1	94.0	1	94.0	1	94.0
TCGA-XX-0075-01	LumA	76	III	Negative	Negative	Negative	1	138.0	1	138.0	1	138.0	1	138.0
TCGA-XX-0076-01	LumA	55	II	Positive	Negative	Negative	0	5251.0	0	5251.0	0	5251.0	0	5251.0
TCGA-XX-0077-01	LumA	53	I	Positive	Negative	Negative	1	1013.0	1	1013.0	1	1013.0	1	1013.0
TCGA-XX-0078-01	LumA	74	I	Negative	Positive	Negative	1	1117.0	1	1117.0	1	1117.0	1	1117.0
TCGA-XX-0079-01	LumA	51	III	Negative	Negative	Positive	0	10.0	0	10.0	0	10.0	0	10.0
TCGA-XX-0080-01	LumA	32	III	Negative	Positive	Negative	0	748.0	0	748.0	0	748.0	0	748.0
TCGA-XX-0081-01	LumA	84	II	Positive	Positive	Negative	1	402.0	1	402.0	1	402.0	1	402.0
TCGA-XX-0082-01	LumA	77	II	Positive	Negative	Positive	0	1011.0	0	1011.0	0	1011.0	0	1011.0
TCGA-XX-0083-01	LumA	33	I	Positive	Positive	Positive	0	616.0	0	616.0	0	616.0	0	616.0
TCGA-XX-0084-01	LumA	60	I	Positive	Positive	Negative	1	96.0	1	96.0	1	96.0	1	96.0
TCGA-XX-0085-01	LumA	71	II	Positive	Negative	Positive	0	324.0	0	324.0	0	324.0	0	324.0
TCGA-XX-0086-01	LumA	79	II	Positive	Positive	Negative	0	364.0	0	364.0	0	364.0	0	364.0
TCGA-XX-0087-01	LumA	68	II	Negative	Negative	Negative	0	3157.0	0	3157.0	0	3157.0	0	3157.0
TCGA-XX-0088-01	LumA	46	III	Positive	Positive	Negative	1	374.0	1	374.0	1	374.0	1	374.0
TCGA-XX-0089-01	LumA	45	II	Positive	Negative	Positive	1	43.0	1	43.0	1	43.0	1	43.0
TCGA-XX-0090-01	LumA	70	III	Positive	Negative	Positive	1	36.0	1	36.0	1	36.0	1	36.0
TCGA-XX-0091-01	LumA	59	I	Negative	Positive	Positive	1	314.0	1	314.0	1	314.0	1	314.0
TCGA-XX-0092-01	LumA	41	I	Positive	Positive	Negative	0	3575.0	0	3575.0	0	3575.0	0	3575.0
TCGA-XX-0093-01	LumA	40	II	Negative	Negative	Positive	1	597.0	1	597.0	1	597.0	1	597.0
TCGA-XX-0094-01	LumA	62	II	Positive	Negative	Negative	1	20.0	1	20.0	1	20.0	1	20.0
TCGA-XX-0095-01	LumA	55	III	Negative	Positive	Negative	1	113.0	1	113.0	1	113.0	1	113.0
TCGA-XX-0096-01	LumA	58	III	Positive	Positive	Positive	0	831.0	0	831.0	0	831.0	0	831.0
TCGA-XX-0097-01	LumA	67	II	Positive	Positive	Positive	0	2114.0	0	2114.0	0	2114.0	0	2114.0
TCGA-XX-0098-01	LumA	55	I	Positive	Negative	Positive	0	745.0	0	745.0	0	745.0	0	745.0
TCGA-XX-0099-01	LumA	75	II	Positive	Positive	Negative	1	500.0	1	500.0	1	500.0	1	500.0
TCGA-XX-0100-01	LumA	77	II	Negative	Negative	Negative	1	4319.0	1	4319.0	1	4319.0	1	4319.0
TCGA-XX-0101-01	LumA	72	II	Positive	Positive	Positive	1	309.0	1	309.0	1	309.0	1	309.0
TCGA-XX-0102-01	LumA	75	III	Positive	Positive	Positive	1	356.0	1	356.0	1	356.0	1	356.0
TCGA-XX-0103-01	LumA	48	II	Negative	Positive	Positive	1	7.0	1	7.0	1	7.0	1	7.0
TCGA-XX-0104-01	LumA	72	III	Negative	Positive	Negative	0	672.0	0	672.0	0	672.0	0	672.0
TCGA-XX-0105-01	LumA	60	I	Positive	Negative	Negative	1	903.0	1	903.0	1	903.0	1	903.0
TCGA-XX-0106-01	LumA	66	III	Positive	Positive	Negative	0	638.0	0	638.0	0	638.0	0	638.0
TCGA-XX-0107-01	LumA	62	I	Negative	Negative	Negative	0	14.0	0	14.0	0	14.0	0	14.0
TCGA-XX-0108-01	LumA	57	III	Negative	Positive	Negative	0	397.0	0	397.0	0	397.0	0	397.0
TCGA-XX-0109-01	LumA	41	II	Positive	Negative	Positive	0	822.0	0	822.0	0	822.0	0	822.0
TCGA-XX-0110-01	LumA	69	II	Positive	Negative	Negative	1	149.0	1	149.0	1	149.0	1	149.0
TCGA-XX-0111-01	LumA	78	II	Positive	Negative	Positive	0	71.0	0	71.0	0	71.0	0	71.0
TCGA-XX-0112-01	LumA	37	I	Positive	Positive	Negative	1	61.0	1	61.0	1	61.0	1	61.0
TCGA-XX-0113-01	LumA	41	II	Negative	Negative	Positive	1	2592.0	1	2592.0	1	2592.0	1	2592.0
TCGA-XX-0114-01	LumA	55	III	Negative	Positive	Negative	1	408.0	1	408.0	1	408.0	1	408.0
TCGA-XX-0115-01	LumA	57	I	Positive	Negative	Positive	0	1994.0	0	1994.0	0	1994.0	0	1994.0
TCGA-XX-0116-01	LumA	57	II	Positive	Negative	Positive	1	18.0	1	18.0	1	18.0	1	18.0
TCGA-XX-0117-01	LumA	34	II	Negative	Positive	Negative	1	60.0	1	60.0	1	60.0	1	60.0
TCGA-XX-0118-01	LumA	63	III	Positive	Positive	Negative	1	993.0	1	993.0	1	993.0	1	993.0
TCGA-XX-0119-01	LumA	55	III	Positive	Negative	Negative	1	1681.0	1	1681.0	1	1681.0	1	1681.0
TCGA-XX-0120-01	LumB	59	III	Positive	Negative	Positive	1	80.0	1	80.0	1	80.0	1	80.0
TCGA-XX-0121-01	LumB	75	II	Negative	Negative	Negative	0	770.0	0	770.0	0	770.0	0	770.0
TCGA-XX-0122-01	LumB	69	I	Negative	Positive	Positive	0	2806.0	0	2806.0	0	2806.0	0	2806.0
TCGA-XX-0123-01	LumB	82	II	Positive	Negative	Positive	0	172.0	0	172.0	0	172.0	0	172.0
TCGA-XX-0124-01	LumB	54	III	Negative	Negative	Negative	0	694.0	0	694.0	0	694.0	0	694.0
TCGA-XX-0125-01	LumB	67	II	Positive	Positive	Negative	0	685.0	0	685.0	0	685.0	0	685.0
TCGA-XX-0126-01	LumB	48	I	Negative	Negative	Negative	0	1058.0	0	1058.0	0	1058.0	0	1058.0
TCGA-XX-0127-01	LumB	63	III	Positive	Positive	Positive	0	9371.0	0	9371.0	0	9371.0	0	9371.0
TCGA-XX-0128-01	LumB	56	III	Positive	Negative	Positive	1	2.0	1	2.0	1	2.0	1	2.0
TCGA-XX-0129-01	LumB	36	I	Negative	Positive	Negative	0	75.0	0	75.0	0	75.0	0	75.0
TCGA-XX-0130-01	LumB	78	III	Positive	Negative	Positive	1	108.0	1	108.0	1	108.0	1	108.0
TCGA-XX-0131-01	LumB	39	I	Negative	Positive	Negative	0	152.0	0	152.0	0	152.0	0	152.0
TCGA-XX-0132-01	LumB	60	III	Negative	Negative	Negative	1	421.0	1	421.0	1	421.0	1	421.0
TCGA-XX-0133-01	LumB	55	III	Positive	Positive	Negative	0	1032.0	0	1032.0	0	1032.0	0	1032.0
TCGA-XX-0134-01	LumB	76	III	Negative	Negative	Negative	0	563.0	0	563.0	0	563.0	0	563.0
TCGA-XX-0135-01	LumB	47	I	Positive	Positive	Negative	1	26.0	1	26.0	1	26.0	1	26.0
TCGA-XX-0136-01	LumB	71	I	Negative	Negative	Positive	0	1407.0	0	1407.0	0	1407.0	0	1407.0
TCGA-XX-0137-01	LumB	65	III	Positive	Positive	Negative	0	758.0	0	758.0	0	758.0	0	758.0
TCGA-XX-0138-01	LumB	58	II	Negative	Negative	Positive	1	507.0	1	507.0	1	507.0	1	507.0
TCGA-XX-0139-01	LumB	78	II	Positive	Negative	Negative	0	836.0	0	836.0	0	836.0	0	836.0
TCGA-XX-0140-01	LumB	80	I	Negative	Negative	Negative	0	2306.0	0	2306.0	0	2306.0	0	2306.0
TCGA-XX-0141-01	LumB	58	II	Positive	Negative	Negative	1	443.0	1	443.0	1	443.0	1	443.0
TCGA-XX-0142-01	LumB	51	III	Positive	Positive	Positive	1	1308.0	1	1308.0	1	1308.0	1	1308.0
TCGA-XX-0143-01	LumB	77	I	Negative	Negative	Negative	1	810.0	1	810.0	1	810.0	1	810.0
TCGA-XX-0144-01	LumB	69	III	Positive	Positive	Positive	0	936.0	0	936.0	0	936.0	0	936.0
TCGA-XX-0145-01	LumB	38	II	Positive	Negative	Negative	1	84.0	1	84.0	1	84.0	1	84.0
TCGA-XX-0146-01	LumB	73	I	Negative	Negative	Positive	1	748.0	1	748.0	1	748.0	1	748.0
TCGA-XX-0147-01	LumB	58	II	Positive	Negative	Negative	1	524.0	1	524.0	1	524.0	1	524.0
TCGA-XX-0148-01	LumB	64	I	Negative	Negative	Negative	0	30.0	0	30.0	0	30.0	0	30.0
TCGA-XX-0149-01	LumB	37	I	Negative	Positive	Negative	0	388.0	0	388.0	0	388.0	0	388.0
TCGA-XX-0150-01	LumB	42	II	Positive	Positive	Positive	1	636.0	1	636.0	1	636.0	1	636.0
TCGA-XX-0151-01	LumB	69	III	Negative	Negative	Negative	1	1765.0	1	1765.0	1	1765.0	1	1765.0
TCGA-XX-0152-01	LumB	82	II	Negative	Negative	Negative	1	361.0	1	361.0	1	361.0	1	361.0
TCGA-XX-0153-01	LumB	55	I	Negative	Positive	Negative	0	353.0	0	353.0	0	353.0	0	353.0
TCGA-XX-0154-01	LumB	69	I	Negative	Negative	Negative	1	392.0	1	392.0	1	392.0	1	392.0
TCGA-XX-0155-01	LumB	71	III	Negative	Positive	Positive	1	365.0	1	365.0	1	365.0	1	365.0
TCGA-XX-0156-01	LumB	72	II	Negative	Positive	Positive	0	314.0	0	314.0	0	314.0	0	314.0
TCGA-XX-0157-01	LumB	61	III	Positive	Negative	Negative	1	1931.0	1	1931.0	1	1931.0	1	1931.0
TCGA-XX-0158-01	LumB	82	III	Positive	Negative	Negative	1	942.0	1	942.0	1	942.0	1	942.0
TCGA-XX-0159-01	LumB	45	II	Negative	Negative	Negative	1	137.0	1	137.0	1	137.0	1	137.0
TCGA-XX-0160-01	LumB	66	III	Positive	Positive	Negative	0	171.0	0	171.0	0	171.0	0	171.0
TCGA-XX-0161-01	LumB	34	I	Positive	Negative	Positive	1	2244.0	1	2244.0	1	2244.0	1	2244.0
TCGA-XX-0162-01	LumB	60	II	Negative	Negative	Positive	0	867.0	0	867.0	0	867.0	0	867.0
TCGA-XX-0163-01	LumB	75	II	Negative	Negative	Negative	0	208.0	0	208.0	0	208.0	0	208.0
TCGA-XX-0164-01	LumB	53	III	Negative	Positive	Negative	0	609.0	0	609.0	0	609.0	0	609.0
TCGA-XX-0165-01	LumB	74	II	Negative	Positive	Positive	0	126.0	0	126.0	0	126.0	0	126.0
TCGA-XX-0166-01	LumB	73	III	Positive	Negative	Negative	0	448.0	0	448.0	0	448.0	0	448.0
TCGA-XX-0167-01	LumB	60	II	Positive	Negative	Positive	0	49.0	0	49.0	0	49.0	0	49.0
TCGA-XX-0168-01	LumB	40	I	Negative	Negative	Negative	0	703.0	0	703.0	0	703.0	0	703.0
TCGA-XX-0169-01	LumB	41	I	Negative	Positive	Positive	0	2785.0	0	2785.0	0	2785.0	0	2785.0
TCGA-XX-0170-01	LumB	46	II	Positive	Positive	Negative	1	898.0	1	898.0	1	898.0	1	898.0
TCGA-XX-0171-01	LumB	53	I	Positive	Positive	Positive	0	3746.0	0	3746.0	0	3746.0	0	3746.0
TCGA-XX-0172-01	LumB	43	II	Positive	Positive	Positive	1	290.0	1	290.0	1	290.0	1	290.0
TCGA-XX-0173-01	LumB	58	I	Positive	Positive	Positive	1	669.0	1	669.0	1	669.0	1	669.0
TCGA-XX-0174-01	LumB	80	III	Positive	Negative	Negative	1	431.0	1	431.0	1	431.0	1	431.0
TCGA-XX-0175-01	LumB	34	III	Positive	Positive	Negative	0	1345.0	0	1345.0	0	1345.0	0	1345.0
TCGA-XX-0176-01	LumB	72	III	Negative	Negative	Negative	1	61.0	1	61.0	1	61.0	1	61.0
TCGA-XX-0177-01	LumB	35	I	Positive	Negative	Negative	1	154.0	1	154.0	1	154.0	1	154.0
TCGA-XX-0178-01	LumB	64	III	Positive	Positive	Positive	0	1473.0	0	1473.0	0	1473.0	0	1473.0
TCGA-XX-0179-01	LumB	51	II	Positive	Positive	Negative	1	1646.0	1	1646.0	1	1646.0	1	1646.0
TCGA-XX-0180-01	LumB	40	III	Positive	Negative	Positive	0	171.0	0	171.0	0	171.0	0	171.0
TCGA-XX-0181-01	LumB	71	III	Negative	Positive	Positive	0	1821.0	0	1821.0	0	1821.0	0	1821.0
TCGA-XX-0182-01	LumB	57	I	Negative	Positive	Negative	1	543.0	1	543.0	1	543.0	1	543.0
TCGA-XX-0183-01	LumB	69	II	Negative	Negative	Negative	0	309.0	0	309.0	0	309.0	0	309.0
TCGA-XX-0184-01	LumB	83	II	Negative	Positive	Positive	1	1756.0	1	1756.0	1	1756.0	1	1756.0
TCGA-XX-0185-01	LumB	67	II	Negative	Negative	Negative	0	395.0	0	395.0	0	395.0	0	395.0
TCGA-XX-0186-01	LumB	50	III	Positive	Negative	Positive	1	166.0	1	166.0	1	166.0	1	166.0
TCGA-XX-0187-01	LumB	84	I	Negative	Negative	Negative	1	1174.0	1	1174.0	1	1174.0	1	1174.0
TCGA-XX-0188-01	LumB	56	I	Negative	Negative	Negative	1	170.0	1	170.0	1	170.0	1	170.0
TCGA-XX-0189-01	LumB	71	II	Negative	Negative	Positive	1	16.0	1	16.0	1	16.0	1	16.0
TCGA-XX-0190-01	LumB	61	I	Positive	Positive	Negative	0	2091.0	0	2091.0	0	2091.0	0	2091.0
TCGA-XX-0191-01	LumB	41	I	Positive	Negative	Positive	1	797.0	1	797.0	1	797.0	1	797.0
TCGA-XX-0192-01	LumB	53	I	Negative	Positive	Positive	0	1067.0	0	1067.0	0	1067.0	0	1067.0
TCGA-XX-0193-01	LumB	44	I	Negative	Positive	Positive	1	577.0	1	577.0	1	577.0	1	577.0
TCGA-XX-0194-01	LumB	37	III	Negative	Positive	Positive	0	852.0	0	852.0	0	852.0	0	852.0
TCGA-XX-0195-01	LumB	83	I	Negative	Positive	Positive	0	332.0	0	332.0	0	332.0	0	332.0
TCGA-XX-0196-01	LumB	81	III	Positive	Negative	Positive	1	2694.0	1	2694.0	1	2694.0	1	2694.0
TCGA-XX-0197-01	LumB	65	I	Negative	Negative	Negative	1	197.0	1	197.0	1	197.0	1	197.0
TCGA-XX-0198-01	LumB	48	I	Positive	Negative	Positive	1	1187.0	1	1187.0	1	1187.0	1	1187.0
TCGA-XX-0199-01	LumB	84	III	Positive	Negative	Positive	0	125.0	0	125.0	0	125.0	0	125.0
TCGA-XX-0200-01	LumB	53	I	Positive	Negative	Negative	1	1351.0	1	1351.0	1	1351.0	1	1351.0
TCGA-XX-0201-01	LumB	84	III	Negative	Positive	Positive	0	294.0	0	294.0	0	294.0	0	294.0
TCGA-XX-0202-01	LumB	63	II	Negative	Negative	Positive	0	103.0	0	103.0	0	103.0	0	103.0
TCGA-XX-0203-01	LumB	37	II	Positive	Negative	Positive	0	1383.0	0	1383.0	0	1383.0	0	1383.0
TCGA-XX-0204-01	LumB	33	I	Positive	Positive	Negative	1	229.0	1	229.0	1	229.0	1	229.0
TCGA-XX-0205-01	LumB	65	II	Positive	Positive	Positive	1	350.0	1	350.0	1	350.0	1	350.0
TCGA-XX-0206-01	LumB	41	I	Positive	Positive	Negative	1	264.0	1	264.0	1	264.0	1	264.0
TCGA-XX-0207-01	LumB	84	II	Positive	Positive	Negative	0	198.0	0	198.0	0	198.0	0	198.0
TCGA-XX-0208-01	LumB	82	II	Positive	Negative	Negative	1	334.0	1	334.0	1	334.0	1	334.0
TCGA-XX-0209-01	LumB	41	II	Positive	Positive	Positive	0	739.0	0	739.0	0	739.0	0	739.0
TCGA-XX-0210-01	Basal	72	III	Positive	Negative	Positive	1	138.0	1	138.0	1	138.0	1	138.0
TCGA-XX-0211-01	Basal	53	I	Negative	Negative	Negative	1	1607.0	1	1607.0	1	1607.0	1	1607.0
TCGA-XX-0212-01	Basal	59	I	Negative	Positive	Positive	1	187.0	1	187.0	1	187.0	1	187.0
TCGA-XX-0213-01	Basal	43	II	Positive	Positive	Negative	1	152.0	1	152.0	1	152.0	1	152.0
TCGA-XX-0214-01	Basal	59	I	Negative	Negative	Positive	1	2424.0	1	2424.0	1	2424.0	1	2424.0
TCGA-XX-0215-01	Basal	74	I	Positive	Positive	Negative	0	238.0	0	238.0	0	238.0	0	238.0
TCGA-XX-0216-01	Basal	48	I	Negative	Positive	Negative	1	500.0	1	500.0	1	500.0	1	500.0
TCGA-XX-0217-01	Basal	66	I	Positive	Positive	Negative	0	2557.0	0	2557.0	0	2557.0	0	2557.0
TCGA-XX-0218-01	Basal	75	II	Positive	Negative	Negative	1	841.0	1	841.0	1	841.0	1	841.0
TCGA-XX-0219-01	Basal	62	II	Negative	Negative	Positive	0	996.0	0	996.0	0	996.0	0	996.0
TCGA-XX-0220-01	Basal	52	I	Negative	Positive	Positive	1	1126.0	1	1126.0	1	1126.0	1	1126.0
TCGA-XX-0221-01	Basal	66	III	Negative	Negative	Negative	1	1047.0	1	1047.0	1	1047.0	1	1047.0
TCGA-XX-0222-01	Basal	35	I	Negative	Negative	Positive	0	1176.0	0	1176.0	0	1176.0	0	1176.0
TCGA-XX-0223-01	Basal	56	III	Negative	Negative	Negative	1	149.0	1	149.0	1	149.0	1	149.0
TCGA-XX-0224-01	Basal	57	II	Negative	Positive	Negative	0	668.0	0	668.0	0	668.0	0	668.0
TCGA-XX-0225-01	Basal	36	III	Positive	Negative	Negative	1	1319.0	1	1319.0	1	1319.0	1	1319.0
TCGA-XX-0226-01	Basal	43	II	Positive	Negative	Positive	1	191.0	1	191.0	1	191.0	1	191.0
TCGA-XX-0227-01	Basal	43	III	Positive	Negative	Negative	1	795.0	1	795.0	1	795.0	1	795.0
TCGA-XX-0228-01	Basal	40	II	Negative	Positive	Negative	0	37.0	0	37.0	0	37.0	0	37.0
TCGA-XX-0229-01	Basal	77	III	Negative	Positive	Negative	1	43.0	1	43.0	1	43.0	1	43.0
TCGA-XX-0230-01	Basal	73	III	Positive	Negative	Negative	0	99.0	0	99.0	0	99.0	0	99.0
TCGA-XX-0231-01	Basal	35	III	Negative	Positive	Negative	0	2512.0	0	2512.0	0	2512.0	0	2512.0
TCGA-XX-0232-01	Basal	71	III	Positive	Positive	Positive	1	1777.0	1	1777.0	1	1777.0	1	1777.0
TCGA-XX-0233-01	Basal	35	III	Positive	Positive	Negative	1	139.0	1	139.0	1	139.0	1	139.0
TCGA-XX-0234-01	Basal	40	I	Negative	Negative	Negative	1	478.0	1	478.0	1	478.0	1	478.0
TCGA-XX-0235-01	Basal	76	III	Negative	Negative	Negative	1	113.0	1	113.0	1	113.0	1	113.0
TCGA-XX-0236-01	Basal	36	I	Negative	Positive	Negative	0	884.0	0	884.0	0	884.0	0	884.0
TCGA-XX-0237-01	Basal	44	III	Negative	Positive	Positive	1	1016.0	1	1016.0	1	1016.0	1	1016.0
TCGA-XX-0238-01	Basal	63	I	Negative	Positive	Negative	0	4030.0	0	4030.0	0	4030.0	0	4030.0
TCGA-XX-0239-01	Basal	50	I	Negative	Positive	Positive	0	288.0	0	288.0	0	288.0	0	288.0
TCGA-XX-0240-01	Basal	79	III	Positive	Positive	Negative	0	868.0	0	868.0	0	868.0	0	868.0
TCGA-XX-0241-01	Basal	56	III	Negative	Negative	Positive	1	1801.0	1	1801.0	1	1801.0	1	1801.0
TCGA-XX-0242-01	Basal	82	III	Positive	Negative	Negative	1	243.0	1	243.0	1	243.0	1	243.0
TCGA-XX-0243-01	Basal	57	II	Positive	Positive	Negative	1	1363.0	1	1363.0	1	1363.0	1	1363.0
TCGA-XX-0244-01	Basal	32	II	Positive	Positive	Positive	0	831.0	0	831.0	0	831.0	0	831.0
TCGA-XX-0245-01	Basal	40	I	Positive	Positive	Positive	0	2913.0	0	2913.0	0	2913.0	0	2913.0
TCGA-XX-0246-01	Basal	78	I	Positive	Negative	Positive	0	33.0	0	33.0	0	33.0	0	33.0
TCGA-XX-0247-01	Basal	63	I	Negative	Positive	Positive	0	5096.0	0	5096.0	0	5096.0	0	5096.0
TCGA-XX-0248-01	Basal	51	III	Negative	Negative	Positive	0	872.0	0	872.0	0	872.0	0	872.0
TCGA-XX-0249-01	Basal	69	II	Negative	Negative	Negative	1	186.0	1	186.0	1	186.0	1	186.0
TCGA-XX-0250-01	Basal	34	III	Negative	Negative	Positive	0	40.0	0	40.0	0	40.0	0	40.0
TCGA-XX-0251-01	Basal	69	II	Negative	Negative	Positive	0	366.0	0	366.0	0	366.0	0	366.0
TCGA-XX-0252-01	Basal	81	II	Negative	Positive	Negative	0	761.0	0	761.0	0	761.0	0	761.0
TCGA-XX-0253-01	Basal	43	III	Negative	Positive	Positive	1	142.0	1	142.0	1	142.0	1	142.0
TCGA-XX-0254-01	Basal	54	I	Negative	Negative	Negative	1	885.0	1	885.0	1	885.0	1	885.0
TCGA-XX-0255-01	Basal	32	I	Positive	Negative	Positive	0	192.0	0	192.0	0	192.0	0	192.0
TCGA-XX-0256-01	Basal	76	II	Positive	Negative	Positive	0	163.0	0	163.0	0	163.0	0	163.0
TCGA-XX-0257-01	Basal	39	I	Positive	Negative	Negative	0	109.0	0	109.0	0	109.0	0	109.0
TCGA-XX-0258-01	Basal	44	I	Negative	Positive	Negative	1	100.0	1	100.0	1	100.0	1	100.0
TCGA-XX-0259-01	Basal	55	I	Positive	Negative	Negative	1	79.0	1	79.0	1	79.0	1	79.0
TCGA-XX-0260-01	Basal	74	III	Negative	Positive	Positive	0	96.0	0	96.0	0	96.0	0	96.0
TCGA-XX-0261-01	Basal	45	I	Negative	Negative	Positive	0	1744.0	0	1744.0	0	1744.0	0	1744.0
TCGA-XX-0262-01	Basal	74	III	Negative	Positive	Negative	1	13.0	1	13.0	1	13.0	1	13.0
TCGA-XX-0263-01	Basal	49	I	Positive	Negative	Negative	0	165.0	0	165.0	0	165.0	0	165.0
TCGA-XX-0264-01	Basal	50	II	Negative	Positive	Negative	1	898.0	1	898.0	1	898.0	1	898.0
TCGA-XX-0265-01	Basal	38	II	Positive	Positive	Positive	1	305.0	1	305.0	1	305.0	1	305.0
TCGA-XX-0266-01	Basal	51	III	Positive	Positive	Positive	1	720.0	1	720.0	1	720.0	1	720.0
TCGA-XX-0267-01	Basal	42	III	Negative	Negative	Negative	1	1715.0	1	1715.0	1	1715.0	1	1715.0
TCGA-XX-0268-01	Basal	35	III	Negative	Positive	Negative	1	292.0	1	292.0	1	292.0	1	292.0
TCGA-XX-0269-01	Basal	37	II	Positive	Positive	Positive	1	493.0	1	493.0	1	493.0	1	493.0
TCGA-XX-0270-01	Basal	53	III	Positive	Positive	Positive	1	2831.0	1	2831.0	1	2831.0	1	2831.0
TCGA-XX-0271-01	Basal	83	I	Negative	Positive	Positive	0	290.0	0	290.0	0	290.0	0	290.0
TCGA-XX-0272-01	Basal	84	I	Positive	Negative	Negative	1	1168.0	1	1168.0	1	1168.0	1	1168.0
TCGA-XX-0273-01	Basal	43	III	Negative	Positive	Positive	0	1989.0	0	1989.0	0	1989.0	0	1989.0
TCGA-XX-0274-01	Basal	84	III	Negative	Positive	Positive	1	445.0	1	445.0	1	445.0	1	445.0
TCGA-XX-0275-01	Basal	59	I	Positive	Positive	Negative	1	3544.0	1	3544.0	1	3544.0	1	3544.0
TCGA-XX-0276-01	Basal	76	I	Positive	Negative	Negative	1	635.0	1	635.0	1	635.0	1	635.0
TCGA-XX-0277-01	Basal	80	I	Positive	Negative	Positive	1	1155.0	1	1155.0	1	1155.0	1	1155.0
TCGA-XX-0278-01	Basal	83	III	Negative	Negative	Positive	0	1762.0	0	1762.0	0	1762.0	0	1762.0
TCGA-XX-0279-01	Basal	77	II	Positive	Positive	Negative	1	726.0	1	726.0	1	726.0	1	726.0
TCGA-XX-0280-01	Basal	65	I	Positive	Positive	Positive	0	204.0	0	204.0	0	204.0	0	204.0
TCGA-XX-0281-01	Basal	56	III	Positive	Negative	Negative	0	1089.0	0	1089.0	0	1089.0	0	1089.0
TCGA-XX-0282-01	Basal	36	III	Negative	Negative	Positive	1	317.0	1	317.0	1	317.0	1	317.0
TCGA-XX-0283-01	Basal	44	II	Positive	Negative	Negative	1	101.0	1	101.0	1	101.0	1	101.0
TCGA-XX-0284-01	Basal	47	III	Negative	Positive	Positive	0	237.0	0	237.0	0	237.0	0	237.0
TCGA-XX-0285-01	Basal	39	I	Positive	Negative	Negative	0	297.0	0	297.0	0	297.0	0	297.0
TCGA-XX-0286-01	Basal	73	I	Negative	Negative	Positive	1	714.0	1	714.0	1	714.0	1	714.0
TCGA-XX-0287-01	Basal	36	II	Positive	Positive	Positive	1	1235.0	1	1235.0	1	1235.0	1	1235.0
TCGA-XX-0288-01	Basal	44	III	Positive	Negative	Negative	0	1714.0	0	1714.0	0	1714.0	0	1714.0
TCGA-XX-0289-01	Basal	33	I	Positive	Positive	Negative	1	1126.0	1	1126.0	1	1126.0	1	1126.0
TCGA-XX-0290-01	Basal	66	III	Negative	Positive	Negative	1	3190.0	1	3190.0	1	3190.0	1	3190.0
TCGA-XX-0291-01	Basal	79	II	Positive	Negative	Negative	0	75.0	0	75.0	0	75.0	0	75.0
TCGA-XX-0292-01	Basal	63	II	Negative	Negative	Positive	1	578.0	1	578.0	1	578.0	1	578.0
TCGA-XX-0293-01	Basal	58	I	Positive	Positive	Negative	0	267.0	0	267.0	0	267.0	0	267.0
TCGA-XX-0294-01	Basal	60	II	Negative	Negative	Positive	0	2664.0	0	2664.0	0	2664.0	0	2664.0
TCGA-XX-0295-01	Basal	74	II	Negative	Negative	Positive	1	11.0	1	11.0	1	11.0	1	11.0
TCGA-XX-0296-01	Basal	50	II	Negative	Negative	Negative	1	407.0	1	407.0	1	407.0	1	407.0
TCGA-XX-0297-01	Basal	59	II	Positive	Negative	Positive	1	363.0	1	363.0	1	363.0	1	363.0
TCGA-XX-0298-01	Basal	73	I	Negative	Negative	Positive	0	1501.0	0	1501.0	0	1501.0	0	1501.0
TCGA-XX-0299-01	Basal	73	II	Negative	Positive	Negative	0	1149.0	0	1149.0	0	1149.0	0	1149.0
TCGA-XX-0300-01	Basal	69	II	Positive	Positive	Negative	1	174.0	1	174.0	1	174.0	1	174.0
TCGA-XX-0301-01	Basal	33	II	Positive	Positive	Negative	1	863.0	1	863.0	1	863.0	1	863.0
TCGA-XX-0302-01	Basal	33	I	Negative	Negative	Negative	1	2066.0	1	2066.0	1	2066.0	1	2066.0
TCGA-XX-0303-01	Basal	46	II	Negative	Negative	Positive	1	1974.0	1	1974.0	1	1974.0	1	1974.0
TCGA-XX-0304-01	Basal	72	I	Negative	Negative	Positive	0	567.0	0	567.0	0	567.0	0	567.0
TCGA-XX-0305-01	Basal	55	II	Positive	Negative	Positive	0	4859.0	0	4859.0	0	4859.0	0	4859.0
TCGA-XX-0306-01	Basal	44	I	Negative	Positive	Negative	1	1691.0	1	1691.0	1	1691.0	1	1691.0
TCGA-XX-0307-01	Basal	48	II	Negative	Positive	Positive	1	176.0	1	176.0	1	176.0	1	176.0
TCGA-XX-0308-01	Basal	80	II	Negative	Negative	Negative	1	774.0	1	774.0	1	774.0	1	774.0
TCGA-XX-0309-01	Basal	84	I	Negative	Negative	Positive	0	488.0	0	488.0	0	488.0	0	488.0
TCGA-XX-0310-01	Basal	67	II	Negative	Positive	Positive	1	242.0	1	242.0	1	242.0	1	242.0
TCGA-XX-0311-01	Basal	84	III	Positive	Negative	Negative	0	160.0	0	160.0	0	160.0	0	160.0
TCGA-XX-0312-01	Basal	47	III	Negative	Positive	Positive	1	821.0	1	821.0	1	821.0	1	821.0
TCGA-XX-0313-01	Basal	73	II	Negative	Positive	Negative	0	1844.0	0	1844.0	0	1844.0	0	1844.0
TCGA-XX-0314-01	Basal	34	III	Negative	Positive	Positive	1	571.0	1	571.0	1	571.0	1	571.0
TCGA-XX-0315-01	Basal	55	III	Negative	Negative	Negative	0	1194.0	0	1194.0	0	1194.0	0	1194.0
TCGA-XX-0316-01	Basal	73	I	Negative	Negative	Positive	0	75.0	0	75.0	0	75.0	0	75.0
TCGA-XX-0317-01	Basal	32	II	Positive	Negative	Negative	1	158.0	1	158.0	1	158.0	1	158.0
TCGA-XX-0318-01	Basal	33	I	Positive	Negative	Positive	1	826.0	1	826.0	1	826.0	1	826.0
TCGA-XX-0319-01	Basal	81	III	Negative	Positive	Negative	0	147.0	0	147.0	0	147.0	0	147.0
TCGA-XX-0320-01	Basal	61	I	Positive	Positive	Negative	0	441.0	0	441.0	0	441.0	0	441.0
TCGA-XX-0321-01	Basal	44	III	Negative	Positive	Positive	1	45.0	1	45.0	1	45.0	1	45.0
TCGA-XX-0322-01	Basal	79	I	Negative	Positive	Positive	0	1207.0	0	1207.0	0	1207.0	0	1207.0
TCGA-XX-0323-01	Basal	51	II	Negative	Positive	Negative	1	697.0	1	697.0	1	697.0	1	697.0
TCGA-XX-0324-01	Basal	55	I	Positive	Positive	Negative	1	35.0	1	35.0	1	35.0	1	35.0
TCGA-XX-0325-01	Basal	83	I	Negative	Positive	Positive	1	359.0	1	359.0	1	359.0	1	359.0
TCGA-XX-0326-01	Basal	79	I	Positive	Positive	Positive	1	386.0	1	386.0	1	386.0	1	386.0
TCGA-XX-0327-01	Basal	49	I	Negative	Negative	Negative	1	1317.0	1	1317.0	1	1317.0	1	1317.0
TCGA-XX-0328-01	Basal	67	I	Positive	Positive	Negative	1	3263.0	1	3263.0	1	3263.0	1	3263.0
TCGA-XX-0329-01	Basal	32	III	Positive	Positive	Positive	1	393.0	1	393.0	1	393.0	1	393.0
TCGA-XX-0330-01	Basal	76	II	Negative	Positive	Positive	1	403.0	1	403.0	1	403.0	1	403.0
TCGA-XX-0331-01	Basal	36	II	Positive	Positive	Positive	1	790.0	1	790.0	1	790.0	1	790.0
TCGA-XX-0332-01	Basal	53	II	Positive	Negative	Positive	0	443.0	0	443.0	0	443.0	0	443.0
TCGA-XX-0333-01	Basal	40	III	Positive	Positive	Negative	1	21.0	1	21.0	1	21.0	1	21.0
TCGA-XX-0334-01	Basal	35	II	Negative	Positive	Negative	1	251.0	1	251.0	1	251.0	1	251.0
TCGA-XX-0335-01	Basal	33	III	Negative	Negative	Positive	0	137.0	0	137.0	0	137.0	0	137.0
TCGA-XX-0336-01	Basal	33	I	Positive	Negative	Positive	0	1142.0	0	1142.0	0	1142.0	0	1142.0
TCGA-XX-0337-01	Basal	83	II	Negative	Negative	Positive	1	1965.0	1	1965.0	1	1965.0	1	1965.0
TCGA-XX-0338-01	Basal	72	I	Negative	Positive	Positive	0	403.0	0	403.0	0	403.0	0	403.0
TCGA-XX-0339-01	Basal	51	III	Negative	Negative	Negative	0	6.0	0	6.0	0	6.0	0	6.0
TCGA-XX-0340-01	Basal	81	II	Negative	Negative	Negative	0	917.0	0	917.0	0	917.0	0	917.0
TCGA-XX-0341-01	Basal	34	I	Positive	Negative	Negative	1	3102.0	1	3102.0	1	3102.0	1	3102.0
TCGA-XX-0342-01	Basal	55	II	Positive	Positive	Negative	0	1229.0	0	1229.0	0	1229.0	0	1229.0
TCGA-XX-0343-01	Basal	58	II	Positive	Positive	Positive	0	422.0	0	422.0	0	422.0	0	422.0
TCGA-XX-0344-01	Basal	47	II	Negative	Positive	Positive	1	526.0	1	526.0	1	526.0	1	526.0
TCGA-XX-0345-01	Basal	44	II	Negative	Negative	Negative	1	994.0	1	994.0	1	994.0	1	994.0
TCGA-XX-0346-01	Basal	33	II	Negative	Positive	Positive	1	39.0	1	39.0	1	39.0	1	39.0
TCGA-XX-0347-01	Basal	80	I	Positive	Negative	Negative	1	2043.0	1	2043.0	1	2043.0	1	2043.0
TCGA-XX-0348-01	Basal	59	II	Negative	Negative	Negative	0	571.0	0	571.0	0	571.0	0	571.0
TCGA-XX-0349-01	Basal	79	III	Positive	Positive	Negative	1	7.0	1	7.0	1	7.0	1	7.0
TCGA-XX-0350-01	Basal	83	III	Positive	Positive	Positive	1	511.0	1	511.0	1	511.0	1	511.0
TCGA-XX-0351-01	Basal	54	III	Positive	Positive	Positive	1	103.0	1	103.0	1	103.0	1	103.0
TCGA-XX-0352-01	Basal	60	II	Negative	Positive	Positive	0	2343.0	0	2343.0	0	2343.0	0	2343.0
TCGA-XX-0353-01	Basal	79	II	Negative	Negative	Positive	1	337.0	1	337.0	1	337.0	1	337.0
TCGA-XX-0354-01	Basal	81	III	Positive	Positive	Negative	0	435.0	0	435.0	0	435.0	0	435.0
TCGA-XX-0355-01	Basal	42	III	Positive	Negative	Positive	1	245.0	1	245.0	1	245.0	1	245.0
TCGA-XX-0356-01	Basal	46	III	Negative	Positive	Negative	0	63.0	0	63.0	0	63.0	0	63.0
TCGA-XX-0357-01	Basal	58	III	Negative	Positive	Positive	1	326.0	1	326.0	1	326.0	1	326.0
TCGA-XX-0358-01	Basal	57	I	Positive	Positive	Negative	1	21.0	1	21.0	1	21.0	1	21.0
TCGA-XX-0359-01	Basal	64	I	Negative	Negative	Positive	1	42.0	1	42.0	1	42.0	1	42.0
