regulator	target	importance	regulator_is_tf	group
MOD1_G14	MOD1_G13	0.055440962153448445	False	LumA
MOD1_G14	MOD1_G17	0.04354560965851427	False	LumA
MOD1_G08	MOD1_G09	0.04180436509902891	False	LumA
MOD1_G13	MOD1_G14	0.040914132435242466	False	LumA
CXCL9	REW_T04	0.04010173337998683	False	LumA
MOD1_G14	MOD1_G02	0.03960243725513646	False	LumA
MOD1_G02	MOD1_G13	0.039160065587487566	False	LumA
MOD1_G14	MOD1_G08	0.039029820147346274	False	LumA
MOD1_G10	MOD1_G18	0.03902858781037925	False	LumA
MOD3_G19	MOD3_G03	0.03808529235355525	False	LumA
MOD1_G08	MOD1_G14	0.03770204693014233	False	LumA
MOD3_G06	MOD3_G13	0.03744723860915029	False	LumA
MOD3_G11	MOD3_G16	0.037169731594718904	False	LumA
MOD1_G06	MOD1_G02	0.036464991874698684	False	LumA
MOD1_G19	MOD1_G17	0.035949530715378694	False	LumA
MOD1_G03	MOD1_G13	0.03589988519057842	False	LumA
MOD3_G16	MOD3_G11	0.035802662830549545	False	LumA
MOD1_G19	MOD1_G09	0.035756148702549596	False	LumA
NOISE085	REW_T04	0.03478314811350571	False	LumA
MOD1_G17	MOD1_G14	0.03459437748317501	False	LumA
MOD1_G13	MOD1_G18	0.034566022138413276	False	LumA
MOD1_G09	MOD1_G01	0.03369070707343451	False	LumA
MOD3_G13	MOD3_G06	0.03349067734802428	False	LumA
MOD1_G09	MOD1_G08	0.03339981667966911	False	LumA
MOD1_G18	MOD1_G10	0.03338797504187674	False	LumA
MOD1_G09	MOD1_G02	0.03306996714471426	False	LumA
MOD1_G05	MOD1_G17	0.0327956994171027	False	LumA
MOD1_G09	MOD1_G13	0.03259428460557286	False	LumA
MOD1_G17	MOD1_G09	0.03250912846376806	False	LumA
MOD1_G10	MOD1_G02	0.032477835199296125	False	LumA
MOD1_G15	MOD1_G13	0.03163760253493267	False	LumA
MOD1_G18	MOD1_G13	0.03141276820692196	False	LumA
MOD3_G05	MOD3_G08	0.031207421088286225	False	LumA
MOD3_G07	MOD3_G13	0.031123077363439937	False	LumA
NOISE078	NOISE043	0.03082194102825178	False	LumA
MOD1_G18	MOD1_G02	0.0307975414429782	False	LumA
MOD1_G12	MOD1_G09	0.030629934786574463	False	LumA
MOD3_G08	REW_T04	0.030334535099727628	False	LumA
MOD3_G09	MOD3_G16	0.030271576410964434	False	LumA
MOD3_G06	MOD3_G16	0.03020046395598309	False	LumA
MOD1_G09	MOD1_G19	0.030010495426991846	False	LumA
MOD1_G04	MOD1_G02	0.029980352822691552	False	LumA
MOD1_G15	MOD1_G18	0.029974909751358574	False	LumA
MOD1_G12	MOD1_G17	0.029883421892578626	False	LumA
MOD3_G16	MOD3_G06	0.029648560189237155	False	LumA
MOD1_G09	MOD1_G18	0.02958509669946289	False	LumA
MOD1_G12	MOD1_G14	0.029583892026623808	False	LumA
MOD1_G12	MOD1_G08	0.029571549791247438	False	LumA
MOD1_G13	MOD1_G03	0.029207117617647937	False	LumA
NOISE144	NOISE138	0.02915730194507927	False	LumA
MOD1_G06	MOD1_G09	0.02885091286324762	False	LumA
MOD1_G09	MOD1_G17	0.0287359606452089	False	LumA
MOD1_G15	MOD1_G10	0.028567892419996133	False	LumA
MOD1_G18	MOD1_G14	0.028552745578954635	False	LumA
MOD1_G08	MOD1_G02	0.02853386122860201	False	LumA
MOD1_G02	MOD1_G06	0.028307367926047395	False	LumA
MOD1_G02	MOD1_G18	0.028121497078156383	False	LumA
MOD1_G15	MOD1_G01	0.028044426666914302	False	LumA
MOD1_G09	MOD1_G06	0.027835083007828255	False	LumA
MOD3_G19	MOD3_G16	0.02772713343574342	False	LumA
MOD1_G19	MOD1_G13	0.027685217308355548	False	LumA
NOISE006	REW_T04	0.02748280979688126	False	LumA
MOD1_G14	MOD1_G09	0.027092651570080572	False	LumA
MOD1_G08	MOD1_G19	0.027089383237111363	False	LumA
MOD1_G09	MOD1_G14	0.027073438603995775	False	LumA
MOD1_G01	MOD1_G09	0.027006273221270187	False	LumA
MOD1_G01	MOD1_G14	0.02685811956117326	False	LumA
MOD1_G13	MOD1_G09	0.02683145797699841	False	LumA
NOISE088	REW_T04	0.026820713641418005	False	LumA
NOISE042	REW_T04	0.02647265882022709	False	LumA
MOD1_G02	MOD1_G14	0.02641434168358503	False	LumA
MOD3_G06	MOD3_G01	0.02630895754369585	False	LumA
NOISE053	NOISE048	0.02624436367786217	False	LumA
CCNE1	REW_T02	0.026110605642317375	False	LumA
LIPE	REW_T04	0.026026824936009295	False	LumA
MOD3_G15	MOD3_G19	0.026001699375403465	False	LumA
MOD3_G19	MOD3_G09	0.025926389144804572	False	LumA
MOD3_G13	MOD3_G03	0.02581327001583288	False	LumA
NOISE037	REW_T04	0.025802109550063512	False	LumA
MOD1_G17	MOD1_G02	0.025737784243144362	False	LumA
MOD1_G17	MOD1_G05	0.025618711825394706	False	LumA
MOD1_G11	MOD1_G14	0.025559885322911546	False	LumA
MOD1_G16	MOD1_G18	0.025522843514294753	False	LumA
MOD1_G11	MOD1_G02	0.025522463474422517	False	LumA
MOD1_G14	MOD1_G18	0.02552043911108311	False	LumA
MOD1_G19	MOD1_G12	0.02551303612160476	False	LumA
MOD3_G18	MOD3_G01	0.025473305311087036	False	LumA
MOD1_G16	MOD1_G13	0.025465828429172922	False	LumA
NOISE079	REW_DRIVER	0.025460287038026958	False	LumA
MOD3_G19	MOD3_G06	0.025394966266553985	False	LumA
NOISE119	NOISE120	0.02527414246625904	False	LumA
MOD1_G18	MOD1_G09	0.025139207798330093	False	LumA
MOD3_G03	MOD3_G06	0.02505209926289474	False	LumA
MOD1_G17	MOD1_G19	0.02484676783007903	False	LumA
MOD3_G03	MOD3_G17	0.024814846362584343	False	LumA
MOD3_G01	MOD3_G17	0.024770728858380792	False	LumA
MOD1_G14	MOD1_G05	0.02469329142476964	False	LumA
MOD3_G01	MOD3_G18	0.024690958206956198	False	LumA
MOD3_G16	MOD3_G17	0.02467986136359444	False	LumA
MOD1_G13	MOD1_G02	0.024664579962990856	False	LumA
MOD1_G15	MOD1_G14	0.024556277447998102	False	LumA
MOD3_G07	REW_T02	0.02449914942533521	False	LumA
MOD1_G15	MOD1_G02	0.02447612648302056	False	LumA
MOD1_G16	MOD1_G17	0.02444989470853947	False	LumA
LPL	MOD2_G10	0.02444270404165156	False	LumA
MOD1_G08	MOD1_G17	0.02440738539280369	False	LumA
NOISE137	NOISE105	0.02440392144832694	False	LumA
MOD1_G02	MOD1_G17	0.024402894319663266	False	LumA
MOD1_G18	MOD1_G17	0.024375007873271504	False	LumA
MOD3_G19	MOD3_G01	0.024348260086453227	False	LumA
MOD3_G03	MOD3_G19	0.024267320153234496	False	LumA
MOD3_G01	MOD3_G03	0.024175038399377922	False	LumA
MOD1_G13	MOD1_G05	0.02416721446013117	False	LumA
MOD1_G07	MOD1_G02	0.024044450960930087	False	LumA
NOISE034	NOISE138	0.024037279643261335	False	LumA
HLA-DRA	NOISE057	0.02399322933023514	False	LumA
MOD1_G02	MOD1_G09	0.023918964216338722	False	LumA
MOD1_G02	MOD1_G04	0.02370467358850614	False	LumA
MOD1_G14	MOD1_G15	0.023639637438193674	False	LumA
MOD1_G01	MOD1_G15	0.02361841039922628	False	LumA
MOD1_G06	MOD1_G18	0.023567272198158178	False	LumA
MOD3_G09	REW_T04	0.023456549968353033	False	LumA
MOD3_G03	MOD3_G09	0.0234097364922935	False	LumA
MOD1_G14	MOD1_G12	0.023409252004495788	False	LumA
NOISE007	NOISE125	0.02336041264357024	False	LumA
MOD3_G16	MOD3_G09	0.023332137877996706	False	LumA
MOD3_G14	MOD3_G13	0.023322283998377165	False	LumA
MOD1_G05	MOD1_G04	0.023291887818797367	False	LumA
MOD1_G11	MOD1_G09	0.023289422125357635	False	LumA
MOD1_G16	MOD1_G02	0.023146501465568205	False	LumA
MOD3_G17	MOD3_G03	0.023117938661433392	False	LumA
MOD1_G19	MOD1_G15	0.023109906747940286	False	LumA
NOISE081	REW_T03	0.023067843356503866	False	LumA
MOD3_G03	MOD3_G13	0.02303128600428862	False	LumA
MOD1_G09	MOD1_G12	0.022811880847502068	False	LumA
NOISE005	NOISE117	0.022802650975379667	False	LumA
MOD1_G02	MOD1_G10	0.02277553366090218	False	LumA
MOD3_G15	MOD3_G03	0.022722845372905594	False	LumA
MOD1_G02	MOD1_G16	0.02268729421412336	False	LumA
MOD1_G02	MOD1_G08	0.02265038030263224	False	LumA
MOD3_G06	MOD3_G17	0.02260255021568009	False	LumA
MOD1_G16	MOD1_G09	0.02242771026837344	False	LumA
MOD1_G08	MOD1_G04	0.022356533009118253	False	LumA
NOISE105	REW_T02	0.022347024436458744	False	LumA
MOD3_G01	MOD3_G06	0.022308469048588613	False	LumA
MOD3_G19	MOD3_G15	0.022295234385105965	False	LumA
MOD3_G15	MOD3_G18	0.02224384438125192	False	LumA
MOD1_G08	MOD1_G13	0.022176547565649445	False	LumA
MOD1_G19	MOD1_G07	0.02201374545481071	False	LumA
MOD1_G08	MOD1_G01	0.02185487590883928	False	LumA
MOD3_G11	MOD3_G13	0.021843600096598165	False	LumA
MOD1_G12	MOD1_G01	0.02182575199780117	False	LumA
MOD1_G16	MOD1_G05	0.02178710973415207	False	LumA
MOD3_G13	MOD3_G07	0.021762899675588906	False	LumA
DCN	NOISE102	0.021711469704255006	False	LumA
MOD1_G19	MOD1_G08	0.021669084949878105	False	LumA
MOD1_G12	MOD1_G02	0.021602001181344633	False	LumA
MOD1_G02	MOD1_G15	0.02159735296711055	False	LumA
MOD1_G12	MOD1_G05	0.021545701714234578	False	LumA
MOD1_G16	MOD1_G12	0.02150013434686441	False	LumA
MOD1_G18	MOD1_G15	0.021433493186789287	False	LumA
MOD1_G01	MOD1_G04	0.0214157661760126	False	LumA
MS4A1	REW_T04	0.02139221947044355	False	LumA
NOISE071	NOISE077	0.02124848110044923	False	LumA
MOD3_G19	MOD3_G17	0.021207521932253913	False	LumA
MOD1_G07	MOD1_G19	0.021112527231895033	False	LumA
MOD3_G10	MOD3_G14	0.021105355943986853	False	LumA
MOD1_G19	MOD1_G06	0.021096498112550977	False	LumA
MOD1_G04	MOD1_G07	0.021034956928124335	False	LumA
NOISE119	NOISE113	0.02095775432795604	False	LumA
NOISE001	NOISE083	0.02095149963441143	False	LumA
MOD3_G08	MOD3_G05	0.020949476007382235	False	LumA
MOD3_G18	MOD3_G16	0.020929586209807522	False	LumA
MOD1_G17	MOD1_G18	0.02091740693012386	False	LumA
MOD1_G04	MOD1_G14	0.0208807247000329	False	LumA
MOD1_G15	MOD1_G17	0.02087352964151098	False	LumA
MOD1_G16	MOD1_G14	0.020832995457826263	False	LumA
MOD1_G15	MOD1_G09	0.02082696818205172	False	LumA
MOD3_G17	MOD3_G01	0.0205836807136004	False	LumA
MOD1_G01	MOD1_G17	0.020528142041966138	False	LumA
MOD1_G00	MOD1_G02	0.02051240706797106	False	LumA
MOD1_G19	MOD1_G03	0.020484345769142855	False	LumA
NOISE136	REW_DRIVER	0.020409663343402794	False	LumA
MOD1_G00	MOD1_G14	0.020407003754441315	False	LumA
MOD3_G11	MOD3_G03	0.02037962589416558	False	LumA
NOISE147	NOISE101	0.02036958471727577	False	LumA
MOD3_G00	MOD3_G08	0.02036850099350119	False	LumA
NOISE138	REW_T04	0.02035450648044907	False	LumA
MOD1_G13	MOD1_G15	0.020305386085768328	False	LumA
MOD3_G00	MOD3_G13	0.02030216632057531	False	LumA
NOISE140	NOISE145	0.020294859748668303	False	LumA
MOD1_G06	MOD1_G12	0.020228247956279408	False	LumA
MOD1_G07	MOD1_G13	0.02022807691943628	False	LumA
MOD1_G04	MOD1_G17	0.020219354407202662	False	LumA
NOISE122	REW_T04	0.02013691606492528	False	LumA
MOD3_G06	MOD3_G03	0.02007036807174841	False	LumA
MOD1_G18	MOD1_G06	0.020024183476611303	False	LumA
MOD1_G05	MOD1_G13	0.02001106141353912	False	LumA
MOD1_G17	MOD1_G12	0.019994365997705103	False	LumA
MOD3_G17	MOD3_G00	0.0199850973052862	False	LumA
NOISE004	NOISE125	0.01997733929579623	False	LumA
MOD3_G03	MOD3_G11	0.01996843354632735	False	LumA
MOD1_G03	MOD1_G15	0.01991738348545908	False	LumA
MOD1_G12	MOD1_G16	0.019907864225856282	False	LumA
MOD3_G03	MOD3_G15	0.01988107675179142	False	LumA
MOD1_G11	MOD1_G17	0.019866283048127188	False	LumA
MOD3_G03	REW_T01	0.019821225419181233	False	LumA
MOD1_G08	MOD1_G12	0.01978890151949046	False	LumA
MOD1_G09	MOD1_G04	0.019735539295001263	False	LumA
MOD1_G06	MOD1_G01	0.019698794285793676	False	LumA
MOD3_G17	MOD3_G07	0.019651505635949165	False	LumA
MOD1_G04	MOD1_G13	0.01963706284156249	False	LumA
MOD1_G04	MOD1_G18	0.01961078539328496	False	LumA
NOISE095	NOISE111	0.019605939424141555	False	LumA
MOD3_G16	MOD3_G08	0.01958792423610225	False	LumA
MOD3_G11	MOD3_G19	0.019577206414693793	False	LumA
NOISE158	NOISE139	0.01957096579687611	False	LumA
MOD1_G09	MOD1_G16	0.01956846371808282	False	LumA
MOD1_G00	MOD1_G17	0.01954308887598449	False	LumA
NOISE077	REW_DRIVER	0.019498434771840725	False	LumA
NOISE156	NOISE014	0.019493962833251673	False	LumA
MOD1_G03	MOD1_G05	0.019493575843614434	False	LumA
NOISE040	NOISE031	0.019491454591268203	False	LumA
MOD3_G09	MOD3_G19	0.01944158049280778	False	LumA
MOD3_G16	MOD3_G19	0.01943978944986761	False	LumA
MOD3_G19	MOD3_G11	0.01942736175237634	False	LumA
NOISE041	REW_T04	0.01940460152739565	False	LumA
NOISE023	REW_T02	0.019381372839638276	False	LumA
NOISE105	NOISE137	0.01934906184313153	False	LumA
MOD3_G17	MOD3_G06	0.01934415547117168	False	LumA
MOD1_G10	MOD1_G09	0.019323937763960457	False	LumA
MOD1_G12	MOD1_G18	0.0193047531749373	False	LumA
AURKA	NOISE132	0.019295418653018207	False	LumA
MOD1_G14	MOD1_G04	0.019266844756647417	False	LumA
ACTA2	REW_DRIVER	0.019264068929852766	False	LumA
MOD3_G01	MOD3_G08	0.01926404200454716	False	LumA
MOD3_G01	MOD3_G16	0.019231861351108333	False	LumA
MOD1_G01	MOD1_G18	0.019218882802257475	False	LumA
MOD3_G16	MOD3_G15	0.01921449425937511	False	LumA
MOD1_G12	MOD1_G06	0.019184623063446853	False	LumA
MOD2_G19	REW_T02	0.019138559227020496	False	LumA
MOD1_G07	MOD1_G04	0.01912035193685961	False	LumA
CD8A	NOISE108	0.019039057363739877	False	LumA
MOD3_G08	NOISE031	0.01903391024495924	False	LumA
MOD3_G19	NOISE138	0.019020429178662285	False	LumA
MOD1_G13	MOD1_G19	0.019017717640331954	False	LumA
MOD3_G11	MOD3_G18	0.018995858288282718	False	LumA
NOISE021	REW_T05	0.018987130797271025	False	LumA
MOD3_G09	MOD3_G08	0.018965791054411846	False	LumA
MOD1_G02	MOD1_G12	0.018939540328959427	False	LumA
MOD3_G03	MOD3_G01	0.01892096755354735	False	LumA
MOD3_G09	MOD3_G03	0.018906972662697117	False	LumA
MOD1_G01	MOD1_G13	0.018893155201174648	False	LumA
NOISE024	NOISE111	0.018883317107490933	False	LumA
MOD3_G12	MOD3_G17	0.01867703793843401	False	LumA
MOD3_G08	MOD3_G01	0.018659212190772163	False	LumA
NOISE088	NOISE145	0.018650097883117892	False	LumA
MOD1_G04	MOD1_G05	0.018634643508970088	False	LumA
CD68	MOD2_G08	0.01859303320360804	False	LumA
MOD1_G18	MOD1_G08	0.018575459685698136	False	LumA
MOD1_G14	MOD1_G03	0.01856915235128131	False	LumA
NOISE104	REW_T03	0.01856052150927953	False	LumA
MOD1_G12	MOD1_G04	0.01853828226335718	False	LumA
MOD2_G18	REW_DRIVER	0.018531446307227143	False	LumA
NOISE003	REW_T04	0.018528758932201204	False	LumA
PLIN4	NOISE019	0.01852276152539245	False	LumA
MOD1_G12	MOD1_G13	0.018516950004371292	False	LumA
MOD1_G03	MOD1_G14	0.018506158154768918	False	LumA
NOISE030	MOD2_G03	0.018501074307468737	False	LumA
NOISE007	NOISE138	0.01847989878426273	False	LumA
MOD3_G02	MOD3_G16	0.01845446231230955	False	LumA
NOISE046	NOISE048	0.018438638359755614	False	LumA
MOD3_G14	MOD3_G10	0.018429577653090508	False	LumA
MOD3_G06	MOD3_G07	0.018391174976946145	False	LumA
NOISE064	NOISE000	0.018364047527357655	False	LumA
NOISE085	REW_T02	0.018348770023281672	False	LumA
MOD1_G07	MOD1_G17	0.01832775404395397	False	LumA
MOD1_G08	MOD1_G15	0.0183216169788595	False	LumA
NOISE137	REW_T04	0.018309934292579426	False	LumA
MOD1_G06	MOD1_G10	0.01827545101623696	False	LumA
MOD1_G14	REW_T02	0.018273219129991903	False	LumA
MOD1_G18	MOD1_G12	0.018238465720752293	False	LumA
MOD1_G17	MOD1_G04	0.018212577125771744	False	LumA
NOISE124	REW_T04	0.01813823180660113	False	LumA
NOISE145	REW_T04	0.018108761782919376	False	LumA
MOD1_G19	MOD1_G02	0.01809466870231339	False	LumA
MOD1_G10	MOD1_G15	0.018059269694001692	False	LumA
LEP	MOD2_G14	0.018056052946934884	False	LumA
MOD1_G16	NOISE054	0.018054707022851176	False	LumA
NOISE135	NOISE127	0.018049584518931537	False	LumA
MOD3_G13	REW_T04	0.018045374861261374	False	LumA
MOD1_G04	MOD1_G09	0.017988901172690863	False	LumA
NOISE031	NOISE148	0.01798608293372639	False	LumA
MOD3_G13	MOD3_G08	0.01798234364222096	False	LumA
MOD1_G00	MOD1_G04	0.017956686845404253	False	LumA
MOD1_G09	MOD1_G15	0.017943224828364183	False	LumA
MOD1_G09	MOD1_G10	0.017939794867582168	False	LumA
MOD1_G12	MOD1_G19	0.017918581696068744	False	LumA
MOD1_G11	MOD1_G04	0.0179078033596677	False	LumA
MOD3_G15	MOD3_G16	0.017901497110631243	False	LumA
NOISE047	NOISE019	0.017893958296684637	False	LumA
MOD1_G17	NOISE101	0.017884388165685085	False	LumA
MOD3_G13	MOD3_G14	0.017863912722565944	False	LumA
NOISE111	NOISE024	0.017858166190511705	False	LumA
MOD1_G19	MOD1_G16	0.01785775467420924	False	LumA
MOD2_G11	NOISE138	0.01780322281288881	False	LumA
NOISE006	NOISE152	0.017764483945276906	False	LumA
NOISE023	NOISE063	0.017753896650415386	False	LumA
MOD3_G11	MOD3_G14	0.017749238070515493	False	LumA
MOD1_G17	MOD1_G13	0.01773841442934484	False	LumA
MOD2_G13	REW_T04	0.017703222511123766	False	LumA
MOD1_G11	NOISE125	0.017676089698582736	False	LumA
MOD3_G09	NOISE083	0.017663966056450046	False	LumA
NOISE109	NOISE125	0.017653041238203604	False	LumA
NOISE055	MOD2_G07	0.017612953431073237	False	LumA
NOISE007	REW_T02	0.017595588044452975	False	LumA
MOD1_G05	MOD1_G18	0.0175914343810445	False	LumA
MOD1_G07	MOD1_G14	0.017555155675174607	False	LumA
MOD3_G07	MOD3_G17	0.017545143473482395	False	LumA
MOD1_G13	MOD1_G04	0.017520618767437594	False	LumA
GPD1	NOISE102	0.017520185598990722	False	LumA
MOD1_G09	MOD1_G03	0.017511751583331535	False	LumA
MOD3_G14	MOD3_G11	0.017484490669257037	False	LumA
NOISE061	REW_T02	0.017453135957400567	False	LumA
MOD3_G08	MOD3_G18	0.01744226901854632	False	LumA
MOD3_G17	MOD3_G16	0.01735948927120176	False	LumA
NOISE042	NOISE043	0.0173513942024443	False	LumA
CIDEC	NOISE137	0.017337821416143658	False	LumA
NOISE056	REW_DRIVER	0.01733674850457231	False	LumA
MMP2	NOISE126	0.017329200983474166	False	LumA
MOD1_G01	REW_T05	0.01732352798939899	False	LumA
MOD1_G19	MOD1_G14	0.017321664512944975	False	LumA
MOD1_G18	MOD1_G01	0.017318837161313168	False	LumA
NOISE016	NOISE150	0.01728413037437454	False	LumA
MOD1_G05	MOD1_G14	0.01727765572332028	False	LumA
MOD1_G17	MOD1_G08	0.017267377654078618	False	LumA
MOD1_G03	MOD1_G02	0.0172348946273788	False	LumA
MOD1_G06	MOD1_G08	0.01722430785241544	False	LumA
MOD1_G15	MOD1_G03	0.017219910755490137	False	LumA
GZMB	NOISE048	0.017200110586855773	False	LumA
NOISE113	NOISE137	0.01714174572698793	False	LumA
MOD1_G17	MOD1_G16	0.01709854894853426	False	LumA
MOD2_G11	NOISE054	0.01709519945293534	False	LumA
MOD1_G14	MOD1_G06	0.017089682550908956	False	LumA
MOD3_G01	MOD3_G13	0.017074758609765355	False	LumA
NOISE005	NOISE102	0.017053876159071227	False	LumA
MOD3_G06	MOD3_G18	0.017043466026594407	False	LumA
NOISE112	NOISE083	0.017022228252377907	False	LumA
MOD3_G19	REW_T03	0.017016503517609905	False	LumA
NOISE023	NOISE133	0.0170005931973426	False	LumA
NOISE091	NOISE105	0.01698365063079433	False	LumA
MOD1_G05	MOD1_G02	0.016922569781313294	False	LumA
NOISE098	NOISE127	0.016892145337901125	False	LumA
MOD1_G16	MOD1_G03	0.01687722360725355	False	LumA
NOISE007	REW_T04	0.016857665881336324	False	LumA
NOISE070	REW_DRIVER	0.016852201429410345	False	LumA
MOD3_G13	MOD3_G01	0.016845502631129432	False	LumA
MOD1_G13	MOD1_G17	0.016836760984305497	False	LumA
MOD1_G12	NOISE101	0.016835792297984112	False	LumA
MOD1_G16	MOD1_G07	0.016769934688110597	False	LumA
NOISE086	NOISE108	0.01676939730193542	False	LumA
NOISE114	NOISE111	0.016760497881746682	False	LumA
MOD1_G11	MOD1_G13	0.01674318494748796	False	LumA
MOD1_G17	MOD1_G01	0.01670193324353695	False	LumA
NOISE137	NOISE113	0.016692945754768568	False	LumA
NOISE079	NOISE102	0.016666032845921906	False	LumA
MOD2_G08	NOISE102	0.01664325485781405	False	LumA
MOD1_G07	MOD1_G09	0.016636509638427565	False	LumA
MOD1_G11	MOD1_G15	0.01660650539083145	False	LumA
MOD1_G02	MOD1_G05	0.016599813488623917	False	LumA
MOD1_G06	NOISE108	0.016596755361661216	False	LumA
MOD1_G10	MOD1_G03	0.016565470573776213	False	LumA
MOD1_G14	MOD1_G10	0.016547654891639212	False	LumA
NOISE097	REW_DRIVER	0.016538858295532997	False	LumA
NOISE138	NOISE024	0.016537484261899934	False	LumA
LIPE	NOISE148	0.016506617958950913	False	LumA
NOISE143	NOISE148	0.016459452514152068	False	LumA
MOD2_G15	REW_DRIVER	0.016450880161161856	False	LumA
MOD1_G03	NOISE105	0.016450503340133094	False	LumA
REW_DRIVER	NOISE077	0.01642130622020071	False	LumA
NOISE148	NOISE063	0.01641112180963008	False	LumA
MOD1_G13	MOD1_G08	0.016384601840255357	False	LumA
MOD1_G15	MOD1_G08	0.016375580592446298	False	LumA
MOD1_G11	MOD1_G12	0.016351382995504406	False	LumA
MOD1_G13	MOD1_G01	0.016347243444973958	False	LumA
MOD3_G08	MOD3_G13	0.016329541315448056	False	LumA
NOISE098	NOISE111	0.016312132765458193	False	LumA
NOISE134	REW_T02	0.016300885711725017	False	LumA
MOD1_G00	MOD1_G08	0.016299790073653026	False	LumA
MOD3_G10	NOISE126	0.01627758304754255	False	LumA
NOISE071	REW_T04	0.016236264409545835	False	LumA
MOD3_G02	MOD3_G18	0.016231025621931062	False	LumA
MOD3_G06	MOD3_G09	0.016200219845165034	False	LumA
MOD3_G08	MOD3_G00	0.016192217078017535	False	LumA
MOD1_G15	MOD1_G19	0.016183768338329556	False	LumA
NOISE080	REW_T02	0.016168019428030096	False	LumA
NOISE009	NOISE011	0.01615929902085292	False	LumA
NOISE016	REW_T04	0.016155039002487315	False	LumA
MOD1_G08	MOD1_G05	0.016150058230490295	False	LumA
MOD1_G16	MOD1_G04	0.01612783538039151	False	LumA
MOD1_G10	MOD1_G14	0.016120742526188114	False	LumA
NOISE063	NOISE148	0.01609700350636394	False	LumA
MOD3_G15	NOISE108	0.01609444990785596	False	LumA
NOISE077	REW_T02	0.016088895072767537	False	LumA
NOISE048	NOISE053	0.016082522568858223	False	LumA
NOISE117	NOISE005	0.016079932761538678	False	LumA
NOISE113	NOISE148	0.016078580241897435	False	LumA
MOD1_G04	MOD1_G01	0.01603605751912962	False	LumA
NOISE154	NOISE132	0.016007048639097552	False	LumA
MOD3_G13	MOD3_G11	0.015995478239278053	False	LumA
MOD1_G15	MOD1_G12	0.015971798187090578	False	LumA
LEP	NOISE132	0.015965709210383056	False	LumA
NOISE099	REW_T04	0.015962983474708654	False	LumA
MOD1_G18	MOD1_G05	0.015908058440945547	False	LumA
MOD1_G09	MOD1_G07	0.015904790387639253	False	LumA
MOD1_G05	MOD1_G03	0.01588507185240614	False	LumA
MOD3_G01	MOD3_G19	0.01587144195446779	False	LumA
MOD1_G04	NOISE105	0.015858106738511034	False	LumA
MOD3_G18	MOD3_G08	0.015837743834880284	False	LumA
NOISE112	REW_T01	0.01583186676972515	False	LumA
MOD1_G18	MOD1_G07	0.01583180595887885	False	LumA
MOD3_G09	MOD3_G17	0.015815364088003443	False	LumA
MOD1_G09	MOD1_G11	0.015813303951075195	False	LumA
NOISE018	NOISE048	0.015804758019833613	False	LumA
MOD3_G19	REW_T05	0.01579219867504802	False	LumA
MOD3_G03	MOD3_G18	0.01578268717625105	False	LumA
TOP2A	REW_T02	0.015767529458055908	False	LumA
NOISE028	MOD2_G10	0.01576702815214883	False	LumA
MOD1_G19	MOD1_G18	0.015749543440533108	False	LumA
MOD1_G18	MOD1_G04	0.015709922128962012	False	LumA
MOD3_G08	MOD3_G09	0.015707779286060364	False	LumA
NOISE004	REW_T03	0.015692381143719184	False	LumA
NOISE151	REW_T04	0.015666565901122413	False	LumA
MOD3_G15	MOD3_G09	0.015665789061024192	False	LumA
TYMS	NOISE111	0.015659926845063975	False	LumA
MOD1_G15	MOD1_G04	0.01564541388629439	False	LumA
MOD1_G02	MOD1_G07	0.015641913445920246	False	LumA
MOD1_G03	MOD1_G17	0.015632696568182596	False	LumA
MOD1_G14	MOD1_G11	0.015627947971136463	False	LumA
MOD2_G03	REW_T01	0.015618429650804299	False	LumA
MOD1_G01	MOD1_G19	0.015588464798583343	False	LumA
MOD1_G05	MOD1_G09	0.015582757434260566	False	LumA
MOD3_G07	REW_T04	0.015577458652957224	False	LumA
TOP2A	NOISE019	0.01556699082308235	False	LumA
NOISE016	NOISE152	0.015561791219538554	False	LumA
NOISE110	NOISE072	0.015525082037639349	False	LumA
NOISE067	NOISE133	0.015509422927020029	False	LumA
MOD3_G11	NOISE138	0.015508526608073206	False	LumA
MOD3_G16	MOD3_G18	0.015476240337085206	False	LumA
NOISE118	MOD2_G08	0.015473399926710466	False	LumA
MCM2	NOISE024	0.01546468953544046	False	LumA
NOISE074	MOD2_G14	0.015440757084386738	False	LumA
MOD1_G02	MOD1_G03	0.015427304709931963	False	LumA
MOD1_G16	MOD1_G06	0.01542427308472039	False	LumA
PPARG	NOISE050	0.015416015656167976	True	LumA
MOD1_G14	MOD1_G01	0.015397739640724582	False	LumA
NOISE073	NOISE126	0.015394622977252215	False	LumA
NOISE045	NOISE110	0.015369626084832545	False	LumA
NOISE106	NOISE129	0.015364121974177664	False	LumA
NOISE142	MOD2_G05	0.015355253372776023	False	LumA
MOD1_G19	MOD1_G05	0.015325397940339033	False	LumA
MOD1_G00	MOD1_G13	0.01530561419531325	False	LumA
DCN	REW_DRIVER	0.015303118855942302	False	LumA
MOD1_G06	MOD1_G13	0.015265164027871241	False	LumA
MOD1_G11	MOD1_G06	0.015254806992095188	False	LumA
MOD1_G03	MOD1_G06	0.015254407827056646	False	LumA
MOD1_G19	MOD1_G04	0.015252352230391054	False	LumA
MOD1_G08	MOD1_G06	0.015251305475096502	False	LumA
MOD1_G02	MOD1_G19	0.015240912356486983	False	LumA
MOD3_G03	MOD3_G07	0.01524032079661731	False	LumA
NOISE027	NOISE100	0.015239731703864034	False	LumA
NOISE142	REW_T03	0.01522342213338566	False	LumA
MOD3_G02	NOISE054	0.015215708492041024	False	LumA
MOD1_G00	MOD1_G05	0.015207030399894437	False	LumA
MOD3_G05	MOD3_G16	0.015183119673998314	False	LumA
MOD1_G10	MOD1_G06	0.015161540154608499	False	LumA
MOD3_G07	MOD3_G03	0.015155683974780832	False	LumA
NOISE026	REW_T02	0.015150196448460088	False	LumA
MOD3_G19	MOD3_G13	0.015148967131040891	False	LumA
CD8A	REW_T04	0.015140798945901323	False	LumA
NOISE141	NOISE102	0.01512167894160068	False	LumA
REW_T02	REW_T04	0.015098077309283992	False	LumA
MOD3_G15	MOD3_G08	0.015060416593464243	False	LumA
MOD3_G18	NOISE138	0.015039110943054202	False	LumA
MOD3_G19	MOD3_G02	0.015021227976353444	False	LumA
NOISE084	MOD2_G19	0.015020431377538526	False	LumA
CCNE1	REW_T04	0.015016857605526318	False	LumA
MOD3_G18	MOD3_G15	0.015001890350964608	False	LumA
NOISE073	NOISE157	0.01498157698917954	False	LumA
MOD1_G08	MOD1_G07	0.014972639658314251	False	LumA
MOD1_G17	MOD1_G15	0.014960301503857997	False	LumA
COL1A2	MOD2_G14	0.01495805012498291	False	LumA
NOISE016	NOISE063	0.014947894697307642	False	LumA
MOD3_G13	MOD3_G18	0.014924028101735936	False	LumA
MOD1_G06	MOD1_G05	0.01491643297985254	False	LumA
COL1A1	NOISE063	0.014900555311026176	False	LumA
NOISE081	NOISE138	0.014896381911776595	False	LumA
MOD1_G14	MOD1_G19	0.01488017163398377	False	LumA
MOD1_G04	MOD1_G03	0.014873896182565008	False	LumA
NOISE035	REW_DRIVER	0.014861563139248957	False	LumA
MOD1_G08	MOD1_G18	0.014858703047834034	False	LumA
NOISE134	MOD2_G19	0.014846530354535425	False	LumA
LUM	NOISE053	0.014833455316293246	False	LumA
MOD3_G10	MOD3_G09	0.014821439835039049	False	LumA
NOISE148	NOISE101	0.014806980278220094	False	LumA
MOD2_G03	REW_T03	0.014792209896937261	False	LumA
MOD1_G05	MOD1_G16	0.014777522183577871	False	LumA
NOISE119	NOISE111	0.01477222295720249	False	LumA
MOD1_G12	MOD1_G11	0.014770922726421784	False	LumA
NOISE050	REW_T03	0.014765883057632212	False	LumA
MOD2_G18	NOISE101	0.014761603914010938	False	LumA
MOD1_G06	MOD1_G03	0.014756052470589153	False	LumA
CD3D	NOISE111	0.014738677454442305	False	LumA
MOD3_G11	MOD3_G02	0.01473075179343274	False	LumA
NOISE074	NOISE019	0.014682133702276796	False	LumA
NOISE033	REW_T02	0.014666088580439001	False	LumA
MOD3_G17	MOD3_G19	0.014662721305372228	False	LumA
LYZ	MOD2_G10	0.014658464640696135	False	LumA
MOD3_G06	MOD3_G11	0.014641375634996626	False	LumA
NOISE060	NOISE120	0.01463832914248886	False	LumA
NOISE043	REW_T01	0.014630970080278485	False	LumA
NOISE068	NOISE133	0.014624113819051831	False	LumA
MOD3_G11	MOD3_G17	0.014613569491732906	False	LumA
MOD1_G13	MOD1_G06	0.014605631457202376	False	LumA
MOD2_G07	NOISE053	0.014602671231987937	False	LumA
MOD2_G02	MOD2_G08	0.014596594819940434	False	LumA
MOD3_G12	MOD3_G13	0.01458284112315784	False	LumA
MOD2_G08	NOISE105	0.014566563989147116	False	LumA
SPARC	MOD2_G17	0.01455560977871247	False	LumA
MOD3_G16	MOD3_G01	0.014555567596395003	False	LumA
NOISE142	REW_T04	0.014549373909606311	False	LumA
NOISE095	MOD2_G07	0.014515901454901997	False	LumA
MOD3_G19	NOISE133	0.01451009964928766	False	LumA
NOISE052	NOISE000	0.01450728285774593	False	LumA
MOD3_G13	MOD3_G09	0.01450525284916435	False	LumA
CD8A	NOISE101	0.014503438063301377	False	LumA
MOD1_G06	MOD1_G16	0.014501367311214689	False	LumA
NOISE002	REW_T02	0.014500100719213264	False	LumA
MMP2	REW_DRIVER	0.01448739142847982	False	LumA
MOD1_G14	MOD1_G16	0.01446660056878559	False	LumA
MOD1_G07	MOD1_G16	0.0144662468269951	False	LumA
NOISE140	MOD2_G19	0.014457902299613964	False	LumA
NOISE008	NOISE103	0.01444836266544559	False	LumA
MOD2_G04	NOISE024	0.01443954692758854	False	LumA
NOISE127	NOISE132	0.01442603020654735	False	LumA
NOISE060	NOISE029	0.01441803487145355	False	LumA
NOISE076	NOISE033	0.014410447538030025	False	LumA
NOISE112	NOISE011	0.014404402596184585	False	LumA
CFD	NOISE127	0.014387607916701248	False	LumA
MOD1_G19	MOD1_G01	0.014367984824749916	False	LumA
MOD3_G01	MOD3_G09	0.014360458897216988	False	LumA
MOD1_G01	MOD1_G02	0.014353527749231567	False	LumA
FN1	NOISE157	0.014326941616625594	False	LumA
MOD1_G11	MOD1_G01	0.014317851842592688	False	LumA
NOISE141	NOISE024	0.014307077409858992	False	LumA
MOD3_G06	MOD3_G19	0.014304459726740163	False	LumA
NOISE108	REW_DRIVER	0.014295019650425806	False	LumA
MOD3_G19	MOD3_G00	0.014275167309678255	False	LumA
MOD1_G05	MOD1_G12	0.014272981381060862	False	LumA
NOISE092	REW_T04	0.014267157621181114	False	LumA
NOISE136	NOISE053	0.014266892894912855	False	LumA
TOP2A	MOD2_G19	0.014258697430017042	False	LumA
MOD1_G18	MOD1_G03	0.014234474293904089	False	LumA
NOISE080	NOISE120	0.014228718561409549	False	LumA
MOD3_G05	NOISE127	0.014199202318767848	False	LumA
NOISE059	NOISE137	0.014193647029722672	False	LumA
MOD3_G12	MOD3_G15	0.014162325572552778	False	LumA
MOD3_G05	NOISE015	0.01415205553102256	False	LumA
NOISE121	NOISE009	0.014149485630957937	False	LumA
MOD3_G18	MOD3_G06	0.014148890461273189	False	LumA
MOD1_G09	MOD1_G05	0.014141305072958275	False	LumA
MOD1_G18	MOD1_G16	0.014134936850584484	False	LumA
NOISE081	NOISE108	0.014132593306379015	False	LumA
NOISE072	NOISE048	0.014107758795611432	False	LumA
NOISE053	NOISE152	0.01410654011543972	False	LumA
NOISE153	NOISE102	0.01409199363984979	False	LumA
MOD1_G11	MOD1_G10	0.014091333073543415	False	LumA
REW_T03	REW_T04	0.014090285124499311	False	LumA
POSTN	NOISE127	0.014087572326290054	False	LumA
NOISE004	NOISE127	0.014086592468343604	False	LumA
MOD1_G11	MOD1_G07	0.014081219599815443	False	LumA
MOD3_G01	NOISE085	0.014055741025356793	False	LumA
MOD3_G07	MOD3_G09	0.014055717002622167	False	LumA
NOISE130	MOD2_G07	0.014051004758083411	False	LumA
REW_T03	NOISE004	0.014035092751437933	False	LumA
NOISE119	REW_T04	0.014029313655350229	False	LumA
MOD2_G04	MOD2_G03	0.014019670436120558	False	LumA
MOD3_G19	MOD3_G10	0.014017859688801398	False	LumA
MOD3_G12	MOD3_G00	0.014012636670906301	False	LumA
CXCL9	REW_DRIVER	0.014002871977035935	False	LumA
MOD1_G08	MOD1_G00	0.01398469007566031	False	LumA
MOD3_G19	NOISE085	0.013983555476781762	False	LumA
PDGFRB	NOISE031	0.013965410091289135	False	LumA
MOD1_G11	MOD1_G08	0.013955361904423267	False	LumA
NOISE143	NOISE054	0.013943312280017179	False	LumA
MOD3_G03	MOD3_G14	0.013941804502589878	False	LumA
MOD1_G13	NOISE132	0.013939007470882493	False	LumA
CD2	NOISE126	0.013929000502915906	False	LumA
NOISE142	MOD2_G19	0.013919485884722482	False	LumA
NOISE145	NOISE137	0.013908210709871199	False	LumA
MOD2_G00	NOISE120	0.013893515768683553	False	LumA
NOISE000	REW_T03	0.013877317901452097	False	LumA
CD68	REW_T02	0.013867799175336976	False	LumA
ACTA2	NOISE100	0.013863544215063625	False	LumA
NOISE062	NOISE133	0.013853123790200293	False	LumA
MOD3_G01	REW_T01	0.013844148269841339	False	LumA
NOISE054	NOISE120	0.013841238136563053	False	LumA
POSTN	NOISE101	0.013815211579995847	False	LumA
MOD3_G03	REW_T02	0.013809469175763627	False	LumA
MOD3_G02	NOISE138	0.013802945207253248	False	LumA
MOD3_G17	MOD3_G09	0.013793838426812852	False	LumA
MOD3_G09	REW_T02	0.013788262400597901	False	LumA
MOD3_G09	MOD3_G13	0.013776820575212559	False	LumA
MOD3_G15	MOD3_G05	0.013773893932091405	False	LumA
NOISE059	NOISE149	0.013760480397296665	False	LumA
NOISE119	REW_DRIVER	0.013751385348447293	False	LumA
NOISE006	NOISE014	0.013748079075556491	False	LumA
MOD3_G07	MOD3_G18	0.013740936131235285	False	LumA
MOD1_G03	MOD1_G04	0.013733288087883927	False	LumA
AQP7	NOISE054	0.013724033919541745	False	LumA
MOD3_G12	MOD3_G19	0.013723716458970723	False	LumA
MOD1_G11	NOISE101	0.013720981863788673	False	LumA
MOD3_G17	MOD3_G12	0.01371792102764162	False	LumA
NOISE002	NOISE108	0.013711634504385478	False	LumA
MOD1_G05	MOD1_G15	0.013705616441650048	False	LumA
FAP	NOISE053	0.013702164554231417	False	LumA
NOISE052	MOD2_G03	0.013701170808886007	False	LumA
NOISE092	REW_T01	0.013691311758241797	False	LumA
MOD3_G17	MOD3_G08	0.013689567187596313	False	LumA
MOD1_G12	MOD1_G03	0.013688756615779323	False	LumA
MOD3_G18	MOD3_G03	0.013686363656241738	False	LumA
MOD3_G00	REW_T03	0.013681360597590498	False	LumA
NOISE028	REW_T04	0.01367782001439644	False	LumA
MOD1_G17	MOD1_G00	0.013677758711896299	False	LumA
MOD3_G12	MOD3_G03	0.013661671608125408	False	LumA
MOD1_G11	MOD1_G18	0.01365364415384666	False	LumA
MOD3_G00	MOD3_G11	0.013639607398441111	False	LumA
NOISE078	REW_T01	0.013626616033425293	False	LumA
NOISE025	NOISE011	0.01361783048962629	False	LumA
MOD1_G08	MOD1_G10	0.013605986871792606	False	LumA
NOISE152	REW_T02	0.013603773745708444	False	LumA
NOISE065	NOISE110	0.013600742659195147	False	LumA
NOISE003	NOISE110	0.01358605605309331	False	LumA
MOD3_G18	MOD3_G11	0.013584801276753067	False	LumA
CD68	NOISE139	0.013583640858384805	False	LumA
MOD3_G14	MOD3_G00	0.013583290327770952	False	LumA
MOD1_G13	MOD1_G10	0.01358286975941187	False	LumA
NOISE076	REW_T02	0.013560253145745058	False	LumA
MOD1_G10	MOD1_G17	0.013558638018424172	False	LumA
MOD1_G01	MOD1_G05	0.013548103955598087	False	LumA
MOD3_G03	REW_T04	0.013538648687355917	False	LumA
MOD1_G03	MOD1_G19	0.013533905468854805	False	LumA
NOISE158	REW_DRIVER	0.013527397431212044	False	LumA
MOD1_G12	MOD1_G10	0.013526028342456864	False	LumA
NOISE156	NOISE021	0.013518112402289695	False	LumA
MOD1_G07	MOD1_G08	0.013500555394557384	False	LumA
MOD1_G10	MOD1_G12	0.013487118483716948	False	LumA
NOISE044	REW_T04	0.01347833637214992	False	LumA
NOISE154	NOISE110	0.013433882463981445	False	LumA
MOD3_G10	MOD3_G06	0.013432946718055736	False	LumA
MOD3_G17	NOISE152	0.013426107019804104	False	LumA
NOISE147	NOISE033	0.013407596005667516	False	LumA
NOISE065	REW_T04	0.013379556787812306	False	LumA
MOD1_G07	MOD1_G00	0.01337694859147015	False	LumA
MOD3_G08	MOD3_G15	0.013366931208366323	False	LumA
MOD3_G00	MOD3_G03	0.013357385183206292	False	LumA
MOD1_G05	MOD1_G06	0.013356337697882189	False	LumA
MOD3_G11	MOD3_G06	0.013353486454243885	False	LumA
MOD1_G06	MOD1_G19	0.013341671388876783	False	LumA
MOD3_G09	MOD3_G01	0.013341603649082443	False	LumA
NOISE033	MOD2_G04	0.013327846777274785	False	LumA
MOD1_G01	MOD1_G06	0.013327524528455776	False	LumA
MOD3_G19	MOD3_G05	0.013320669617167661	False	LumA
PLK1	NOISE004	0.01331725678024967	False	LumA
MOD3_G16	MOD3_G03	0.01331704239463175	False	LumA
NOISE012	REW_T02	0.01330247793218672	False	LumA
NOISE062	REW_T01	0.0132973356320157	False	LumA
MOD3_G10	MOD3_G19	0.013295813789734573	False	LumA
MOD2_G07	REW_T01	0.01329342339647896	False	LumA
NOISE018	NOISE050	0.013284629147754176	False	LumA
MOD2_G05	NOISE101	0.013274599170775035	False	LumA
MOD1_G04	MOD1_G08	0.013261954129368906	False	LumA
NOISE040	REW_T01	0.01326098305601443	False	LumA
NOISE030	MOD2_G15	0.013259327194549772	False	LumA
MOD3_G16	MOD3_G13	0.013219840962980262	False	LumA
NOISE157	REW_T02	0.013207979453086442	False	LumA
MOD1_G16	MOD1_G08	0.013201834230207224	False	LumA
NOISE037	MOD2_G08	0.013201126555408393	False	LumA
MOD3_G18	MOD3_G04	0.013186701544505705	False	LumA
NOISE048	NOISE083	0.01318605035463622	False	LumA
MOD3_G00	MOD3_G09	0.01317649678077323	False	LumA
MOD1_G13	MOD1_G16	0.013163545031320644	False	LumA
NOISE008	NOISE133	0.013157090946962564	False	LumA
MOD3_G05	MOD3_G03	0.013152613301986133	False	LumA
NOISE146	NOISE024	0.013150636301197458	False	LumA
MOD3_G02	NOISE019	0.013118973004284435	False	LumA
MOD3_G18	MOD3_G02	0.0131014429978938	False	LumA
CFD	NOISE105	0.013093912928441132	False	LumA
LIPE	NOISE085	0.013091972430534896	False	LumA
NOISE099	NOISE152	0.013078475323593328	False	LumA
MOD1_G07	MOD1_G18	0.013073321664985694	False	LumA
NOISE126	REW_DRIVER	0.01306727263301152	False	LumA
NOISE132	NOISE004	0.01306276372883583	False	LumA
MOD1_G12	MOD1_G15	0.013062688710739628	False	LumA
MOD1_G06	MOD1_G14	0.013056569640816373	False	LumA
MOD3_G16	NOISE083	0.013047647980828067	False	LumA
NOISE039	REW_T02	0.013047200499733356	False	LumA
NOISE113	NOISE011	0.01304152103187604	False	LumA
NOISE095	NOISE002	0.013039394609666948	False	LumA
NOISE002	NOISE123	0.013035428826344838	False	LumA
NOISE133	NOISE126	0.013029660167944648	False	LumA
NOISE134	NOISE072	0.013011963001548926	False	LumA
NOISE137	NOISE043	0.013007048771683813	False	LumA
MOD1_G06	MOD1_G15	0.013001737163979699	False	LumA
MOD1_G14	MOD1_G07	0.012993569582204484	False	LumA
MOD3_G18	NOISE120	0.012976030399810237	False	LumA
MOD1_G01	MOD1_G08	0.01297307501136725	False	LumA
NOISE133	NOISE102	0.012965188218789031	False	LumA
NOISE099	NOISE138	0.012964045750565357	False	LumA
NOISE068	REW_DRIVER	0.012949925693703157	False	LumA
NOISE063	MOD2_G10	0.012943340071329931	False	LumA
UBE2C	NOISE108	0.012935397493786832	False	LumA
MOD1_G03	MOD1_G16	0.012923167074082758	False	LumA
NOISE046	NOISE126	0.012915696735199822	False	LumA
NOISE126	NOISE117	0.012911743361558375	False	LumA
NOISE159	NOISE150	0.01290834560874384	False	LumA
NOISE064	NOISE133	0.012895253975534987	False	LumA
NOISE122	NOISE045	0.012879760946846822	False	LumA
MOD3_G05	MOD3_G15	0.012857435304308388	False	LumA
NOISE145	REW_DRIVER	0.012854035957803845	False	LumA
MOD1_G13	MOD1_G12	0.012850260173857897	False	LumA
MOD1_G10	MOD1_G19	0.012840193392087269	False	LumA
NOISE143	NOISE043	0.012828939049161176	False	LumA
MOD1_G02	MOD1_G00	0.012827101831671897	False	LumA
NOISE106	NOISE138	0.012824123033917265	False	LumA
MOD3_G12	MOD3_G16	0.012815828710814514	False	LumA
MOD3_G03	MOD3_G05	0.012815754657273328	False	LumA
NOISE024	NOISE138	0.012811357336103257	False	LumA
MOD1_G04	MOD1_G11	0.012806036996806946	False	LumA
FAP	REW_T01	0.012800264195451628	False	LumA
NOISE073	MOD2_G01	0.01279538136782057	False	LumA
MOD1_G12	REW_T04	0.012777472765836398	False	LumA
MOD3_G19	MOD3_G08	0.012773586350428277	False	LumA
NOISE150	REW_T04	0.01277085024106631	False	LumA
NOISE062	NOISE137	0.012749569752576285	False	LumA
NOISE096	NOISE083	0.012741037066799937	False	LumA
MOD3_G03	MOD3_G08	0.01273838203172142	False	LumA
LEP	NOISE083	0.012734332369970933	False	LumA
MOD1_G00	MOD1_G07	0.012733969492371136	False	LumA
NOISE030	MOD2_G05	0.012722908259730947	False	LumA
NOISE138	NOISE083	0.01272095695332411	False	LumA
MOD1_G11	MOD1_G05	0.012714585994279937	False	LumA
MOD3_G11	REW_T04	0.012709096722303309	False	LumA
MOD1_G01	MOD1_G10	0.012709093996205928	False	LumA
LEP	REW_T05	0.012708446248628926	False	LumA
MOD3_G03	MOD3_G00	0.012704436552332391	False	LumA
MOD3_G11	MOD3_G01	0.012693684972548724	False	LumA
NOISE117	NOISE105	0.012688508129928158	False	LumA
NOISE046	NOISE133	0.012685428985559462	False	LumA
CD3E	REW_T04	0.012683063609807959	False	LumA
MOD3_G19	MOD3_G18	0.012676486325680992	False	LumA
NOISE041	NOISE120	0.012674353999823602	False	LumA
MOD1_G13	MOD1_G07	0.01267136172688435	False	LumA
PPARG	REW_T03	0.012667749906908271	True	LumA
MOD3_G09	MOD3_G15	0.012666993666907333	False	LumA
MOD3_G00	NOISE132	0.012658841992705677	False	LumA
MOD3_G11	MOD3_G00	0.01265878890889911	False	LumA
MOD3_G09	MOD3_G06	0.012650233642099207	False	LumA
COL5A1	MOD2_G04	0.012645668988292901	False	LumA
MOD1_G10	MOD1_G08	0.012637707119433522	False	LumA
REW_T04	REW_T02	0.012632169029998863	False	LumA
MOD1_G03	MOD1_G10	0.012627337091082203	False	LumA
NOISE030	REW_T04	0.012606308816316594	False	LumA
NOISE142	NOISE151	0.012590821791047585	False	LumA
NOISE102	NOISE133	0.012574943080523584	False	LumA
NOISE042	NOISE125	0.012559844194619182	False	LumA
LIPE	MOD2_G14	0.012547070170885338	False	LumA
NOISE034	NOISE105	0.012541774048135116	False	LumA
MOD2_G19	NOISE138	0.01253702192559677	False	LumA
MOD3_G02	MOD3_G06	0.012534454658376739	False	LumA
MOD1_G11	MOD1_G16	0.012531934384128907	False	LumA
REW_T01	NOISE133	0.01252455835858455	False	LumA
COL1A1	NOISE100	0.012519346375545281	False	LumA
NOISE135	MOD2_G07	0.01250986772174827	False	LumA
MOD3_G12	MOD3_G18	0.012471515946424368	False	LumA
MOD1_G17	MOD1_G07	0.012469249819235861	False	LumA
MOD3_G09	MOD3_G10	0.012456856735670142	False	LumA
NOISE097	NOISE031	0.012453819957907874	False	LumA
NOISE074	NOISE100	0.012431557621164362	False	LumA
SPARC	REW_T04	0.012429064151513427	False	LumA
NOISE094	REW_T05	0.0124287184725777	False	LumA
NOISE062	REW_T04	0.012423372928104623	False	LumA
NOISE088	REW_T02	0.012422752351940472	False	LumA
MOD1_G10	NOISE057	0.01241932372084359	False	LumA
ACTA2	REW_T02	0.012415498872471323	False	LumA
NOISE138	NOISE105	0.012409760980118829	False	LumA
NOISE003	NOISE085	0.01240780882328615	False	LumA
MOD1_G10	MOD1_G13	0.012403414819469485	False	LumA
NOISE056	REW_T04	0.012400974368713864	False	LumA
CIDEC	REW_T04	0.012391663702219722	False	LumA
NOISE067	NOISE031	0.01239056581244367	False	LumA
PLIN4	REW_T04	0.012386067722881275	False	LumA
NOISE069	REW_T01	0.012385232735642798	False	LumA
MOD1_G02	MOD1_G11	0.012382006728121394	False	LumA
MOD3_G07	MOD3_G16	0.012372431110566481	False	LumA
MOD1_G18	NOISE132	0.01236299945735658	False	LumA
NOISE106	NOISE101	0.012348509912144538	False	LumA
NOISE090	NOISE135	0.012348024799703755	False	LumA
NOISE022	MOD2_G17	0.012343566912264096	False	LumA
NOISE142	NOISE101	0.012342709855509674	False	LumA
MOD3_G10	MOD3_G08	0.012340088237512956	False	LumA
NOISE068	NOISE139	0.012321337074842762	False	LumA
MOD1_G05	MOD1_G00	0.012313867403451462	False	LumA
NOISE102	MOD2_G08	0.012310544977338826	False	LumA
MOD1_G06	MOD1_G17	0.01230980759323402	False	LumA
NOISE116	NOISE152	0.01230844449218233	False	LumA
MOD3_G10	NOISE085	0.012303404162690773	False	LumA
NOISE138	NOISE102	0.012301782681359502	False	LumA
MOD3_G16	MOD3_G12	0.012301326996964203	False	LumA
NOISE014	NOISE139	0.012298222917904755	False	LumA
MOD2_G01	MOD2_G17	0.012285927060521683	False	LumA
MOD1_G15	MOD1_G16	0.012257773353883809	False	LumA
TOP2A	NOISE014	0.012255988654647432	False	LumA
MOD2_G03	NOISE030	0.01224605432117747	False	LumA
REW_DRIVER	MOD2_G19	0.01224526148792776	False	LumA
NOISE091	NOISE019	0.012240870452085991	False	LumA
NOISE103	NOISE129	0.012227554319252721	False	LumA
NOISE129	NOISE150	0.012223170985662703	False	LumA
NOISE039	NOISE125	0.012220739510081766	False	LumA
NOISE044	NOISE103	0.012211872510068866	False	LumA
MOD1_G10	MOD1_G05	0.0122074296582265	False	LumA
NOISE045	NOISE048	0.012200956629198803	False	LumA
MOD1_G17	MOD1_G03	0.01218582535560275	False	LumA
MOD3_G17	REW_T03	0.012185791259322848	False	LumA
NOISE145	NOISE140	0.012185613721738046	False	LumA
MOD2_G19	NOISE152	0.012170407499728605	False	LumA
NOISE015	REW_T04	0.01216806283144601	False	LumA
NOISE109	NOISE138	0.012167335354327452	False	LumA
MOD3_G07	MOD3_G06	0.012165855468122131	False	LumA
NOISE006	NOISE111	0.012165750967513399	False	LumA
MOD3_G11	MOD3_G09	0.012164336530310663	False	LumA
NOISE042	NOISE152	0.01215815814655773	False	LumA
MOD3_G01	NOISE138	0.012151549783306258	False	LumA
NOISE047	NOISE085	0.01213614088324961	False	LumA
NOISE038	NOISE145	0.012127571123333507	False	LumA
NOISE014	NOISE048	0.012120846131827023	False	LumA
NOISE131	REW_DRIVER	0.012119714109644159	False	LumA
MKI67	REW_T01	0.012107300228337456	False	LumA
MOD1_G03	MOD1_G09	0.012105539084401493	False	LumA
MOD3_G06	MOD3_G10	0.01210227324794817	False	LumA
MOD1_G04	MOD1_G15	0.012097620828513867	False	LumA
NOISE099	NOISE132	0.012077504031663217	False	LumA
MOD1_G17	MOD1_G11	0.012071783544263156	False	LumA
MOD3_G13	MOD3_G00	0.01206633295862973	False	LumA
NOISE112	NOISE102	0.012065317243800984	False	LumA
MOD1_G14	MOD1_G00	0.012065236669454058	False	LumA
CXCL9	MOD2_G08	0.012053377691185141	False	LumA
NOISE000	NOISE138	0.012053373668793357	False	LumA
FAP	MOD2_G08	0.012043654290537205	False	LumA
MOD1_G14	MOD2_G03	0.012027216335250758	False	LumA
MOD3_G19	REW_T04	0.012023478003429082	False	LumA
NOISE033	NOISE111	0.012018769747538302	False	LumA
NOISE142	NOISE050	0.01200945520312435	False	LumA
NOISE153	NOISE048	0.012004011261234165	False	LumA
PPARG	REW_T02	0.012001581246214763	True	LumA
NOISE064	NOISE111	0.01199616074162622	False	LumA
MCM2	NOISE138	0.011988449150432987	False	LumA
NOISE061	NOISE085	0.011984100680474475	False	LumA
NOISE035	MOD2_G07	0.011980345347447026	False	LumA
NOISE033	NOISE015	0.01197567130888776	False	LumA
REW_T01	NOISE043	0.011972933384366466	False	LumA
NOISE107	NOISE033	0.011968649369189736	False	LumA
NOISE050	NOISE083	0.011966540959708396	False	LumA
NOISE151	REW_T02	0.011961279965654421	False	LumA
MOD1_G02	NOISE103	0.01195543227204253	False	LumA
MOD3_G07	MOD3_G11	0.011949578457760077	False	LumA
NOISE050	NOISE117	0.01194340912364177	False	LumA
NOISE107	NOISE152	0.011932085606706482	False	LumA
MOD2_G15	NOISE021	0.011923582127014516	False	LumA
MOD1_G10	MOD1_G01	0.011915934925221087	False	LumA
AURKA	REW_DRIVER	0.011909037319667918	False	LumA
SPARC	NOISE101	0.011906911040345467	False	LumA
MOD2_G14	NOISE100	0.011904450880819439	False	LumA
LEP	NOISE000	0.011900496718319541	False	LumA
SPARC	MOD2_G06	0.011899415908147448	False	LumA
NOISE108	REW_T04	0.011891706144761548	False	LumA
MOD3_G16	MOD3_G02	0.011888861076170617	False	LumA
PLIN4	REW_T05	0.011887719090468688	False	LumA
GPD1	REW_T02	0.01187857807628322	False	LumA
NOISE147	REW_T04	0.011869363705112889	False	LumA
MOD3_G19	MOD3_G07	0.011867863021472375	False	LumA
NOISE091	MOD2_G18	0.011863888062364008	False	LumA
MOD3_G10	MOD3_G13	0.011843632624487791	False	LumA
MOD1_G03	REW_T04	0.01183444470287726	False	LumA
MOD3_G11	MOD3_G15	0.011817065251703942	False	LumA
MOD3_G01	NOISE151	0.011814564032872562	False	LumA
MOD1_G09	MOD1_G00	0.011803802833059356	False	LumA
NOISE093	NOISE050	0.011799042740090294	False	LumA
RRM2	REW_T04	0.01178571485233015	False	LumA
NOISE073	NOISE029	0.011782626631522094	False	LumA
NOISE140	NOISE024	0.01176606048978977	False	LumA
MOD1_G07	MOD1_G03	0.011764344032654288	False	LumA
MOD3_G16	MOD3_G05	0.011758505301490921	False	LumA
MOD1_G05	MOD1_G19	0.0117519931331656	False	LumA
NOISE141	REW_DRIVER	0.011749801912521275	False	LumA
NOISE073	MOD2_G19	0.011747921169781633	False	LumA
MOD3_G00	NOISE014	0.011746366941329654	False	LumA
MOD2_G00	NOISE050	0.011726837248701657	False	LumA
NOISE143	NOISE083	0.011720513654124498	False	LumA
MOD1_G04	MOD1_G12	0.01170762806107849	False	LumA
MOD2_G07	NOISE054	0.011688708796736629	False	LumA
MOD3_G17	MOD3_G04	0.011675649019941175	False	LumA
MOD3_G02	MOD3_G11	0.011663877972395296	False	LumA
NOISE056	NOISE014	0.011663116039807958	False	LumA
NOISE048	REW_T04	0.0116584391717526	False	LumA
MOD2_G11	NOISE102	0.01165521894067342	False	LumA
NOISE148	NOISE113	0.011653174966492806	False	LumA
NOISE071	REW_T02	0.011648144161544858	False	LumA
NOISE117	NOISE083	0.011640842924355018	False	LumA
NOISE115	REW_DRIVER	0.011637976872821306	False	LumA
LIPE	NOISE050	0.011636390335142426	False	LumA
MOD2_G18	NOISE048	0.011631559209041758	False	LumA
MOD3_G07	REW_DRIVER	0.01162866733597282	False	LumA
NOISE018	NOISE017	0.01162527047033714	False	LumA
MOD1_G00	MOD1_G09	0.011616482054951251	False	LumA
COL5A1	REW_DRIVER	0.01161232734067957	False	LumA
NOISE139	NOISE014	0.011611488288774166	False	LumA
NOISE094	NOISE100	0.011607112916042417	False	LumA
NOISE078	MOD2_G14	0.01160604745286236	False	LumA
MOD1_G03	MOD2_G03	0.011597999427671701	False	LumA
NOISE123	REW_DRIVER	0.01157914907018078	False	LumA
MOD3_G01	MOD3_G00	0.011578834149420946	False	LumA
CCNB1	REW_T04	0.011577615615320749	False	LumA
NOISE153	REW_DRIVER	0.011558073104288505	False	LumA
MOD3_G00	MOD3_G06	0.011556902571747654	False	LumA
COL1A1	REW_T01	0.011551108737342794	False	LumA
MOD1_G06	REW_DRIVER	0.011543077025274543	False	LumA
MOD3_G13	MOD3_G17	0.011534098867544553	False	LumA
UBE2C	MOD2_G15	0.0115331396112505	False	LumA
NOISE019	NOISE048	0.011529721989049594	False	LumA
NOISE123	MOD2_G19	0.01152712231958742	False	LumA
NOISE151	NOISE002	0.011526181921226238	False	LumA
MOD2_G05	REW_DRIVER	0.01152517246994034	False	LumA
MOD3_G17	MOD3_G11	0.01152382905733941	False	LumA
BUB1	MOD2_G04	0.011514659260964675	False	LumA
NOISE031	REW_T04	0.01150961548334186	False	LumA
CIDEC	NOISE054	0.011502113847792862	False	LumA
NOISE047	REW_T05	0.011498176469156745	False	LumA
NOISE120	REW_T03	0.011493388318689488	False	LumA
NOISE087	NOISE132	0.01149221794518962	False	LumA
COL1A1	NOISE133	0.011491217622217088	False	LumA
NOISE109	NOISE108	0.011490202504247319	False	LumA
NOISE102	NOISE005	0.011486386284350416	False	LumA
NOISE104	REW_T05	0.011484735418008329	False	LumA
COL3A1	NOISE048	0.011483854464885281	False	LumA
NOISE019	NOISE074	0.011478229395599138	False	LumA
CD2	NOISE101	0.011472001699195211	False	LumA
NOISE092	NOISE005	0.011464768431825898	False	LumA
MOD1_G18	NOISE105	0.011460883037136728	False	LumA
CD3E	NOISE014	0.011441209002925806	False	LumA
MOD2_G04	NOISE054	0.011440039381483823	False	LumA
MOD1_G05	MOD1_G08	0.011430503536925313	False	LumA
NOISE087	NOISE148	0.011423236685721028	False	LumA
NOISE011	REW_T04	0.011420288409753638	False	LumA
MOD3_G19	MOD3_G14	0.011419375162587944	False	LumA
NOISE047	REW_T04	0.01140745695583484	False	LumA
MOD3_G14	MOD3_G19	0.011392474562777807	False	LumA
MOD1_G10	REW_T04	0.011389605731832743	False	LumA
MOD1_G11	MOD1_G03	0.011376609262887527	False	LumA
RRM2	NOISE045	0.01137547867729879	False	LumA
NOISE115	NOISE043	0.011371625406774357	False	LumA
NOISE005	NOISE127	0.011368330745001676	False	LumA
NOISE045	REW_T04	0.01136675147902264	False	LumA
NOISE022	NOISE077	0.011361604650695502	False	LumA
NOISE150	NOISE021	0.011360039491064039	False	LumA
MOD3_G14	MOD3_G16	0.01135862750693117	False	LumA
NOISE032	NOISE059	0.01135496731082734	False	LumA
NOISE131	NOISE102	0.011347949829202498	False	LumA
NOISE011	REW_DRIVER	0.011340995723465265	False	LumA
NOISE153	NOISE083	0.011340955680791244	False	LumA
NOISE017	NOISE100	0.01132944882236186	False	LumA
NOISE053	NOISE138	0.01132366655582123	False	LumA
PLIN1	REW_T03	0.011318499181779934	False	LumA
COL5A1	NOISE137	0.011310920897450213	False	LumA
MOD3_G12	MOD3_G04	0.01131067927460897	False	LumA
MOD1_G15	MOD1_G06	0.011305896865220724	False	LumA
NOISE138	NOISE152	0.011302449287036545	False	LumA
MOD1_G15	NOISE048	0.011296904586565437	False	LumA
MOD1_G03	NOISE125	0.011290241164659067	False	LumA
AQP7	REW_T02	0.01127507407665149	False	LumA
NOISE059	NOISE005	0.011271886989346978	False	LumA
NOISE023	NOISE005	0.011270900315392095	False	LumA
MOD3_G09	MOD2_G19	0.011269550649287363	False	LumA
NOISE054	REW_T03	0.011263276089238024	False	LumA
NOISE011	NOISE111	0.011260865076681932	False	LumA
NOISE151	NOISE015	0.011256900622781583	False	LumA
NOISE015	NOISE138	0.011254398148655781	False	LumA
NOISE066	NOISE017	0.011253339188478696	False	LumA
MOD3_G07	MOD3_G08	0.011240013727121877	False	LumA
NOISE079	REW_T04	0.011233677749463536	False	LumA
