module_a	module_b	jaccard
Basal_M1	Basal_M2	0.0
Basal_M1	Basal_M3	0.0
Basal_M1	Basal_M4	0.0
Basal_M1	LumA_M1	1.0
Basal_M1	LumA_M2	0.0
Basal_M1	LumB_M1	1.0
Basal_M1	LumB_M2	0.0
Basal_M2	Basal_M3	0.0
Basal_M2	Basal_M4	0.0
Basal_M2	LumA_M1	0.0
Basal_M2	LumA_M2	0.0
Basal_M2	LumB_M1	0.0
Basal_M2	LumB_M2	0.0
Basal_M3	Basal_M4	0.0
Basal_M3	LumA_M1	0.0
Basal_M3	LumA_M2	0.8571428571428571
Basal_M3	LumB_M1	0.0
Basal_M3	LumB_M2	0.6923076923076923
Basal_M4	LumA_M1	0.0
Basal_M4	LumA_M2	0.0
Basal_M4	LumB_M1	0.0
Basal_M4	LumB_M2	0.0
LumA_M1	LumA_M2	0.0
LumA_M1	LumB_M1	1.0
LumA_M1	LumB_M2	0.0
LumA_M2	LumB_M1	0.0
LumA_M2	LumB_M2	0.7142857142857143
LumB_M1	LumB_M2	0.0
