module	gene
Basal_M1	MOD1_G00
Basal_M1	MOD1_G01
Basal_M1	MOD1_G02
Basal_M1	MOD1_G03
Basal_M1	MOD1_G04
Basal_M1	MOD1_G05
Basal_M1	MOD1_G06
Basal_M1	MOD1_G07
Basal_M1	MOD1_G08
Basal_M1	MOD1_G09
Basal_M1	MOD1_G10
Basal_M1	MOD1_G11
Basal_M1	MOD1_G12
Basal_M1	MOD1_G13
Basal_M1	MOD1_G14
Basal_M1	MOD1_G15
Basal_M1	MOD1_G16
Basal_M1	MOD1_G17
Basal_M1	MOD1_G18
Basal_M1	MOD1_G19
Basal_M2	MOD2_G00
Basal_M2	MOD2_G01
Basal_M2	MOD2_G02
Basal_M2	MOD2_G03
Basal_M2	MOD2_G04
Basal_M2	MOD2_G05
Basal_M2	MOD2_G06
Basal_M2	MOD2_G07
Basal_M2	MOD2_G08
Basal_M2	MOD2_G09
Basal_M2	MOD2_G10
Basal_M2	MOD2_G11
Basal_M2	MOD2_G12
Basal_M2	MOD2_G13
Basal_M2	MOD2_G14
Basal_M2	MOD2_G15
Basal_M2	MOD2_G16
Basal_M2	MOD2_G17
Basal_M2	MOD2_G18
Basal_M2	MOD2_G19
Basal_M3	ACTA2
Basal_M3	LYZ
Basal_M3	NOISE013
Basal_M3	NOISE039
Basal_M3	NOISE058
Basal_M3	NOISE076
Basal_M3	REW_DRIVER
Basal_M3	REW_T01
Basal_M3	REW_T02
Basal_M3	REW_T03
Basal_M3	REW_T04
Basal_M3	REW_T05
Basal_M4	MOD3_G00
Basal_M4	MOD3_G01
Basal_M4	MOD3_G02
Basal_M4	MOD3_G03
Basal_M4	MOD3_G04
Basal_M4	MOD3_G05
Basal_M4	MOD3_G06
Basal_M4	MOD3_G07
Basal_M4	MOD3_G08
Basal_M4	MOD3_G09
Basal_M4	MOD3_G10
Basal_M4	MOD3_G11
Basal_M4	MOD3_G12
Basal_M4	MOD3_G13
Basal_M4	MOD3_G14
Basal_M4	MOD3_G15
Basal_M4	MOD3_G16
Basal_M4	MOD3_G18
LumA_M1	MOD1_G00
LumA_M1	MOD1_G01
LumA_M1	MOD1_G02
LumA_M1	MOD1_G03
LumA_M1	MOD1_G04
LumA_M1	MOD1_G05
LumA_M1	MOD1_G06
LumA_M1	MOD1_G07
LumA_M1	MOD1_G08
LumA_M1	MOD1_G09
LumA_M1	MOD1_G10
LumA_M1	MOD1_G11
LumA_M1	MOD1_G12
LumA_M1	MOD1_G13
LumA_M1	MOD1_G14
LumA_M1	MOD1_G15
LumA_M1	MOD1_G16
LumA_M1	MOD1_G17
LumA_M1	MOD1_G18
LumA_M1	MOD1_G19
LumA_M2	MOD3_G00
LumA_M2	MOD3_G01
LumA_M2	MOD3_G02
LumA_M2	MOD3_G03
LumA_M2	MOD3_G05
LumA_M2	MOD3_G06
LumA_M2	MOD3_G07
LumA_M2	MOD3_G08
LumA_M2	MOD3_G09
LumA_M2	MOD3_G10
LumA_M2	MOD3_G11
LumA_M2	MOD3_G12
LumA_M2	MOD3_G13
LumA_M2	MOD3_G14
LumA_M2	MOD3_G15
LumA_M2	MOD3_G16
LumA_M2	MOD3_G17
LumA_M2	MOD3_G18
LumA_M2	MOD3_G19
